site,name,city,state,first_g,last_g
ACY01,Inlet Park,Atlantic City,NJ,19040901,19271021
ACY02,New York Avenue Field,Atlantic City,NJ,19400823,19480521
AKR01,League Park,Akron,OH,19300821,19450705
ALB02,Hawkins Stadium,Albany,NY,19400602,19480814
ALB03,,Albany,GA,19370512,19370512
ALE01,,Alexandria,LA,19370427,19370427
ALT01,Columbia Park,Altoona,PA,19370601,19450813
ALT02,Cricket Field,Altoona,PA,19320930,19480512
ANA01,Angel Stadium of Anaheim,Anaheim,CA,19660419,20240929
ANN01,,Anniston,AL,19400517,19410729
APP01,Spencer Park,Appleton,WI,19430807,19430807
ARL01,Arlington Stadium,Arlington,TX,19720421,19931003
ARL02,Rangers Ballpark in Arlington,Arlington,TX,19940411,20190929
ARL03,Globe Life Field in Arlington,Arlington,TX,20200724,20240922
ARN01,Fairgrounds Park,Arlington,NE,19470921,19490605
ATC01,,Atchison,KS,19490920,19490920
ATL01,Atlanta-Fulton County Stadium,Atlanta,GA,19660412,19961024
ATL02,Turner Field,Atlanta,GA,19970404,20161002
ATL03,Truist Park,Atlanta,GA,20170414,20240930
ATL04,Ponce de Leon Park,Atlanta,GA,19370529,19490509
ATL05,Harper Field,Atlanta,GA,19400331,19460421
ATL06,Booker T. Washington High School Field,Atlanta,GA,19380528,19380528
AUS01,Disch Field,Austin,TX,19470929,19490712
AXC01,,Alexander City,AL,19480505,19490330
BAK01,Sam Lynn Park,Bakersfield,CA,19461023,19461023
BAL09,Oriole Park IV,Baltimore,MD,19010426,19400825
BAL10,Terrapin Park,Baltimore,MD,19140413,19420510
BAL11,Memorial Stadium,Baltimore,MD,19540415,19911006
BAL12,Oriole Park at Camden Yards,Baltimore,MD,19920406,20241002
BAL13,Maryland Park,Baltimore,MD,19240803,19311025
BAL14,Bugle Field,Baltimore,MD,19321009,19490918
BAN01,,Bangor,PA,19480825,19480825
BAT01,,Baton Rouge,LA,19370412,19490419
BCK01,Bailey Park,Battle Creek,MI,19490710,19490710
BEA01,Stuart Stadium,Beaumont,TX,19440430,19490520
BEA02,,Beaver Falls,PA,19410519,19410519
BEA03,Athletic Park,Beatrice,NE,19490630,19490630
BEC01,RMI Park,Beckley,WV,19370722,19380727
BEL01,Belleville Athletic Field,Belleville,IL,19370720,19490617
BEL02,Belmar Memorial Field,Belmar,NJ,19370914,19420630
BEL03,,Belmont,NY,19410716,19410716
BHM01,Colony Park,Benton Harbor,MI,19470702,19470702
BIR01,Rickwood Field ,Birmingham,AL,19270919,20240620
BIS01,Bismarck Municipal Ballpark,Bismarck,ND,19380724,19390723
BLO01,Bloomsburg Fair Grounds,Bloomsburg,PA,19261006,19261008
BLU01,Blakely Field,Bluefield,WV,19380907,19380907
BOG01,,Bogalusa,LA,19420408,19420408
BOS05,South End Grounds III,Boston,MA,19010419,19140811
BOS06,Huntington Avenue Baseball Grounds,Boston,MA,19010508,19111007
BOS07,Fenway Park,Boston,MA,19120420,20240929
BOS08,Braves Field,Boston,MA,19150818,19520921
BRA01,Bradley Beach Field,Bradley Beach,NJ,19261011,19261011
BRA02,,Brandon,MAN,19380720,19380720
BRI01,Candlelite Stadium,Bridgeport,CT,19400723,19490602
BUF04,International Fair Association Grounds,Buffalo,NY,19140511,19150908
BUF05,Sahlen Field,Buffalo,NY,20200811,20210721
BUF06,Offermann Stadium,Buffalo,NY,19370804,19490802
BUT01,,Butler,PA,19281011,19420817
CAI01,,Cairo,IL,19390728,19490526
CAM01,Third Street and Erie Avenue Grounds,Camden,NJ,19211012,19211012
CAM02,Twelfth and Federal St.,Camden,NJ,19030915,19420526
CAM03,,Cambridge,MD,19400822,19400822
CAN01,Mahaffey Park,Canton,OH,19020615,19030621
CAN03,Lakeside Park,Canton,OH,19380531,19430529
CAN04,,Canton,IL,19430721,19430721
CBI01,American Legion Park,Council Bluffs,IA,19460723,19480707
CED01,Hill Park,Cedar Rapid,IA,19371007,19490607
CEN01,Fans Field,Centralia,IL,19480521,19490621
CHA01,Kanawha Park,Charleston,WV,19370729,19490717
CHA02,Henninger Field,Chambersburg,PA,19370622,19420525
CHA03,Griffith Park,Charlotte,NC,19390622,19490428
CHE01,Lloyd Field,Chester,PA,19380601,19490607
CHE02,Elks Park,Chester,PA,19370602,19380606
CHI08,West Side Grounds,Chicago,IL,19010426,19151003
CHI09,South Side Park III,Chicago,IL,19010424,19400908
CHI10,Comiskey Park I,Chicago,IL,19100701,19900930
CHI11,Wrigley Field,Chicago,IL,19140423,20240929
CHI12,Guaranteed Rate Field;U.S. Cellular Field,Chicago,IL,19910418,20240926
CHI15,Mills Stadium,Chicago,IL,19341014,19341014
CHI16,Shrewbridge Field,Chicago,IL,19380620,19380711
CHN01,,Chanute,KS,19370830,19380816
CHT01,Engel Stadium,Chattanooga,TN,19370809,19490618
CIN02,Avenue Grounds,Cincinnati,OH,19490718,19490718
CIN05,League Park II,Cincinnati,OH,19010420,19011006
CIN06,Palace of the Fans,Cincinnati,OH,19020417,19111012
CIN07,Crosley Field,Cincinnati,OH,19120411,19700624
CIN08,Cinergy Field,Cincinnati,OH,19700630,20020922
CIN09,Great American Ballpark,Cincinnati,OH,20030331,20240922
CLA01,,Clarksdale,MS,19380608,19480520
CLC01,Simpson Park,Chillicothe,MO,19490908,19490908
CLE05,League Park III,Cleveland,OH,19010429,19090906
CLE06,League Park IV,Cleveland,OH,19100421,19490731
CLE07,Cleveland Stadium,Cleveland,OH,19311004,19931003
CLE08,Progressive Field,Cleveland,OH,19940404,20241019
CLE11,Kinsman Hardware Field,Cleveland,OH,19310617,19310617
CMB01,,Columbia,MO,19370514,19370825
COL03,Neil Park I,Columbus,OH,19020803,19030517
COL04,Neil Park II,Columbus,OH,19050723,19281014
COL05,Red Bird Stadium,Columbus,OH,19370613,19490821
COL06,Golden Park,Columbus,GA,19490622,19490816
COL07,,Columbus,MS,19490725,19490803
COR01,Firemens Ball Park,Corpus Christi,TX,19460407,19460414
COV02,Covington Park,Covington,KY,19400810,19400810
CUM01,,Cumberland,MD,19370724,19380605
DAL01,Rebel Stadium,Dallas,TX,19390430,19480430
DAL02,Burnett Field,Dallas,TX,19380424,19490713
DAN01,Garfield Stadium,Danville,IL,19410808,19490630
DAN02,Peters Park,Danville,VA,19450621,19470429
DAR01,Hilldale Park,Darby,PA,19210905,19311010
DAV01,Municipal Stadium,Davenport,IA,19361001,19490608
DAV02,Milan Park,Davenport,IA,19470918,19470918
DAY01,Fairview Park,Dayton,OH,19020608,19020608
DAY03,Hudson Field,Dayton,OH,19351009,19490909
DCA01,Legion Field,Decatur,AL,19490818,19490921
DCT01,Staley Field,Decatur,IL,19210716,19210716
DCT02,Fans Field,Decatur,IL,19370714,19490622
DEF01,Kingsbury Park,Defiance,OH,19420618,19420618
DEN01,Mile High Stadium,Denver,CO,19930409,19940811
DEN02,Coors Field,Denver,CO,19950426,20240929
DEN03,Merchants Park,Denver,CO,19361004,19480824
DES01,League Park,Des Moines,IA,19361002,19400610
DES02,Pioneer Memorial Park,Des Moines,IA,19470730,19490721
DET02,Bennett Park,Detroit,MI,19010425,19110910
DET03,Burns Park,Detroit,MI,19010428,19020907
DET04,Tiger Stadium,Detroit,MI,19120420,19990927
DET05,Comerica Park,Detroit,MI,20000411,20241010
DET06,Hamtramck Stadium,Detroit,MI,19300827,19370815
DET07,Mack Park,Detroit,MI,19210507,19280729
DET08,Dequindre Park,Detroit,MI,19480610,19480617
DOT01,Wiregrass Stadium,Dothan,AL,19480624,19480624
DTB01,Cypress Street Park,Daytona Beach,FL,19380408,19380408
DUN01,TD Ballpark,Dunedin,FL,20210408,20210524
DUR01,Durham Athletic Field,Durham,NC,19400513,19400513
DYE01,Field of Dreams,Dyersville,IA,20210812,20220811
EAS01,Federal Park,Easton,MD,19390725,19390725
EAU01,Carson Park,Eau Claire,WI,19400724,19490810
ELB01,,Elberton,GA,19380509,19380613
ELD01,,El Dorado,AR,19400502,19400502
ERI01,Ainsworth Field,Erie,PA,19420526,19470709
EVA01,Bosse Field,Evansville,IN,19390714,19390714
FAI01,Fairview Park,Fairview,NJ,19311004,19311011
FAR01,Barnett Field,Fargo,ND,19380713,19410722
FDI01,,Fort Dodge,IA,19480812,19480812
FIN01,Ohio State League Park,Findlay,OH,19420617,19420617
FLC01,City Park,Falls City,NE,19490913,19490913
FLI01,Atwood Stadium,Flint,MI,19450723,19470811
FMT01,,Fairmont,WV,19281008,19370731
FOR03,Jailhouse Flats,Fort Wayne,IN,19020622,19020831
FOR04,State School Diamond,Fort Wayne,IN,19400617,19430811
FOR05,Dwenger Park,Fort Wayne,IN,19440511,19440511
FRE01,Freeport Stadium,Freeport,NY,19370607,19370615
FTB01,Fort Bragg Field,Fort Bragg,NC,20160703,20160703
FTS01,,Fort Smith,AR,19480514,19480514
FTW01,La Grave Field,Fort Worth,TX,19400416,19480531
FUL01,Fairfield Kitty League Park,Fulton,KY,19390707,19390707
GAD01,,Gadsden,AL,19400603,19460624
GAL01,Moody Stadium,Galveston,TX,19370412,19400430
GAR01,,Gary,IN,19390819,19390819
GBW01,Joannes Park,Green Bay,WI,19450717,19450717
GIN01,Municipal Ballpark,Grand Island,NE,19490604,19490810
GLK01,Great Lakes Naval Training Station,Great Lakes,IL,19430807,19430807
GOL01,,Goldsboro,NC,19400511,19400511
GRA01,Ramona Park,Grand Rapids,MI,19030524,19030524
GRA02,Bigelow Field,Grand Rapids,MI,19420901,19460529
GRA03,Lamar Park,Grand Rapids,MI,19440718,19440718
GRA04,,Grafton,ND,19380717,19380717
GRE01,Sportsmans Park,Greenville,MS,19390607,19490911
GRE02,,Greenwood,MS,19480831,19490722
GRE03,Memorial Stadium,Greensboro,NC,19440425,19460418
GRE04,Offutt Field,Greensburg,PA,19380702,19390724
GRI01,,Griffin,GA,19390419,19390419
HAG01,Municipal Stadium,Hagerstown,MD,19460521,19460606
HAM01,Turner Field,Hammond,IN,19410625,19440901
HAM02,,Hamilton,ON,19430617,19440710
HAN01,,Hannibal,MO,19490907,19490907
HAR01,Harrison Field,Harrison,NJ,19150416,19151003
HAR02,Bulkeley Stadium,Hartford,CT,19400526,19420914
HAS01,Duncan Field,Hastings,NE,19490801,19490801
HEL01,,Helena,AR,19490905,19490905
HML01,,Hammond,LA,19410410,19410410
HOM01,Municipal Field,Homestead,PA,19390909,19390909
HON01,Aloha Stadium,Honolulu,HI,19970419,19970420
HOP01,,Hopkinsville,KY,19430624,19430624
HOP02,,Hopewell,PA,19370521,19370521
HOU01,Colt Stadium,Houston,TX,19620410,19640927
HOU02,Astrodome,Houston,TX,19650412,19991009
HOU03,Minute Maid Park,Houston,TX,20000407,20241002
HOU04,Buffalo Stadium,Houston,TX,19380410,19490928
HOU05,,Houma,LA,19400726,19400726
HOU06,West End Park,Houston,TX,19370413,19370429
HRB01,Island Park,Harrisburg,PA,19030918,19480519
HSP01,,Hot Springs,AR,19490505,19490628
HUN01,Lincoln Park,Huntsville,AL,19460807,19480515
HUN02,,Huntington,WV,19420518,19420518
IND07,Federal League Park,Indianapolis,IN,19140423,19141008
IND09,Northwestern Park,Indianapolis,IN,19150509,19150509
IND10,Victory Field,Indianapolis,IN,19370508,19490820
IND11,Washington Park,Indianapolis,IN,19210424,19210509
JAC01,League Park,Jackson,MS,19370422,19490726
JAC02,Lakeview Park,Jackson,TN,19380417,19490716
JAM01,Celoron Baseball Park,Jamestown,NY,19271010,19271010
JER02,Roosevelt Stadium,Jersey City,NJ,19410913,19570903
JKV01,Red Cap Stadium,Jacksonville,FL,19370329,19410702
JNC01,Rathert Field,Junction City,KS,19370902,19410602
JOH01,Point Grounds,Johnstown,PA,19271005,19400805
JON01,,Jonesboro,AR,19410514,19490712
JOP01,Childress Field,Joplin,MO,19331010,19331010
KAN02,Association Park,Kansas City,MO,19200801,19210725
KAN04,Gordon and Koppel Field,Kansas City,MO,19140416,19150928
KAN05,Municipal Stadium,Kansas City,MO,19230805,19721004
KAN06,Kauffman Stadium,Kansas City,MO,19730410,20241010
KCK01,Ward Field,Kansas City,KS,19380802,19380802
KEA01,Memorial Diamond,Kearney,NE,19490915,19490915
KEW01,Northeast Park,Kewanee,IL,19430629,19430805
KNO01,Caswell Park,Knoxville,TN,19440804,19480507
KNP01,Glenwood Field,Kane,PA,19410830,19410830
KOK01,Athletic Park,Kokomo,IN,19220726,19220726
KOK02,Highland Park,Kokomo,IN,19430729,19490824
LAN01,Stumpf Field,Lancaster,PA,19380811,19460826
LAS01,Cashman Field,Las Vegas,NV,19960401,19960407
LBV01,The Ballpark at Disney's Wide World,Lake Buena Vista,FL,20070515,20080424
LCR01,Copeland Park,LaCrosse,WI,19490911,19490911
LEE01,,Leeds,AL,19380820,19380903
LEX01,Blue Grass Field,Lexington,KY,19480514,19490526
LGB01,Recreation Park,Long Beach,CA,19431017,19431017
LIC01,Recreation Park Queens Plaza,Long Island,NY,19370612,19370612
LIM01,Halloran Park,Lima,OH,19390620,19480610
LIN01,Sherman Field,Lincoln,NE,19380914,19470924
LIN02,Landis Yard,Lincoln,NE,19390727,19390727
LKC01,,Lake Charles,LA,19410514,19410514
LON01,London Stadium,London,England,20190629,20240609
LOS01,Los Angeles Memorial Coliseum,Los Angeles,CA,19580418,19610920
LOS02,Wrigley Field,Los Angeles,CA,19301029,19611001
LOS03,Dodger Stadium,Los Angeles,CA,19620410,20241026
LOS04,Gilmore Field,Los Angeles,CA,19391008,19431107
LOS05,White Sox Park,Los Angeles,CA,19251024,19441022
LOU05,Parkway Field,Louisville,KY,19370611,19490704
LRK01,Crump Park,Little Rock,AR,19380805,19390922
LRK02,Travelers Field,Little Rock,AR,19380511,19490729
LSL01,,LaSalle,IL,19440821,19440821
MAC01,Luther Williams Park,Macon,GA,19380829,19410417
MAN01,Griffith Field,Manhattan,KS,19370727,19390708
MAT01,Indians Park,Mattoon,IL,19490620,19490620
MCK01,,McKeesport,PA,19380723,19410521
MEA01,,Meadville,PA,19420530,19470813
MEM01,Lewis Athletic Park,Memphis,TN,19250829,19250829
MEM02,Martin Stadium,Memphis,TN,19370411,19490905
MEM03,Russwood Park,Memphis,TN,19350929,19461006
MET01,,Metropolis,IL,19390728,19390728
MEX01,,Mexico City,MEX,19351025,19351027
MEX02,Estadio Alfredo Harp Helu,Mexico City,MEX,20230429,20240428
MIA01,Sun Life Stadium,Miami,FL,19930405,20110928
MIA02,Marlins Park,Miami,FL,20120404,20240922
MID02,,Middletown,OH,19370812,19450607
MID03,Grandview Park Field,Middletown,PA,19370611,19380730
MID04,State Hospital Field,Middletown,NY,19390828,19390828
MIL03,Athletic Park,Milwaukee,WI,19370621,19490901
MIL04,Lloyd Street Grounds,Milwaukee,WI,19010503,19010912
MIL05,County Stadium,Milwaukee,WI,19530414,20000928
MIL06,Miller Park,Milwaukee,WI,20010406,20241003
MIN02,Metropolitan Stadium,Bloomington,MN,19610421,19810930
MIN03,Hubert H. Humphrey Metrodome,Minneapolis,MN,19820406,20091011
MIN04,Target Field,Minneapolis,MN,20100412,20240929
MIN05,Nicollet Park,Minneapolis,MN,19430808,19430812
MNH01,West Field,Munhall,PA,19480515,19480515
MNL01,Casino Park,Monroe,LA,19370418,19490719
MNT01,Estadio Monterrey,Monterrey,MX,19960816,20190505
MOB01,,Mobile,AL,19490403,19490403
MON01,Parc Jarry,Montreal,QUE,19690414,19760926
MON02,Stade Olympique,Montreal,QUE,19770415,20040929
MOU01,,Mounds,IL,19380529,19390813
MRA01,,Marianna,AR,19380516,19380516
MRT01,Matthewson Park,Marshall,TX,19380422,19390429
MSN01,Tin Plate Field,Monessen,PA,19380516,19400806
MTG01,Cramton Bowl,Montgomery,AL,19390803,19490929
MTH01,,Mt. Holly,NJ,19281008,19281008
MTV01,Veterans Park,Mt. Vernon,IL,19490526,19490526
MUN02,McCullough Park,Muncie,IN,19420716,19490822
MUS01,Athletic Park,Muskogee,OK,19390807,19490922
MYV01,Marysville Ball Park,Marysville,KS,19370831,19370831
NBE01,,North Bethlehem,PA,19480521,19480521
NBG01,,Newburgh,NY,19360608,19360608
NCO01,Memorial Stadium,North Canton,OH,19490708,19490708
NFN01,Athletic Park,Norfolk,NE,19470922,19470922
NIA01,Hyde Park Stadium,Niagara Falls,NY,19420604,19490801
NOL01,Pelican Stadium,New Orleans,LA,19370411,19490831
NOL02,Lincoln Park,New Orleans,LA,19370415,19370425
NOR01,High Rock Park,Norfolk,VA,19430424,19470507
NOR02,Tar Park,Norfolk,VA,19400512,19490919
NOR03,Keller Field,Norwalk,OH,19390806,19440822
NOR04,Norbeck Park,Norbeck,MD,19410719,19410719
NOR05,Bain Field,Norfolk,VA,19390625,19390625
NPN01,Builders Stadium,Newport News,VA,19410710,19470506
NPN02,Pensinsula War Memorial Stadium,Newport News,VA,19490816,19490914
NSH01,Tom Wilson Park,Nashville,TN,19490417,19490417
NSH02,Sulphur Dell,Nashville,TN,19320918,19490818
NWC01,P.J. Flaherty Memorial Field,New Castle,PA,19480611,19490726
NWK01,Wiedenmeyer's Park,Newark,NJ,19040717,19040717
NWK04,Ruppert Stadium,Newark,NJ,19370516,19490704
NWO01,Arnold Park,Newark,OH,19480722,19490707
NYC10,Polo Grounds IV,New York,NY,19010426,19101011
NYC12,Washington Park III,Brooklyn,NY,19010419,19121005
NYC13,Hilltop Park,New York,NY,19030430,19121005
NYC14,Polo Grounds V,New York,NY,19111014,19630918
NYC15,Ebbets Field,Brooklyn,NY,19130409,19570924
NYC16,Yankee Stadium I,New York,NY,19230418,20080921
NYC17,Shea Stadium,New York,NY,19640417,20080928
NYC18,Wallace's Ridgewood Park,Queens,NY,19030913,19030913
NYC19,Washington Park IV,Brooklyn,NY,19140511,19150930
NYC20,Citi Field,New York,NY,20090413,20241018
NYC21,Yankee Stadium II,New York,NY,20090416,20241030
NYC22,Olympic Field,New York City,NY,19130718,19130720
NYC23,Dexter Park,Brooklyn,NY,19341017,19470630
NYC24,Catholic Protectory Oval,New York,NY,19251018,19291013
NYC25,Dyckman Oval,New York,NY,19350913,19370907
NYC28,Erasmus Field,Brooklyn,NY,19370531,19400704
NYC29,Randalls Island,New York,NY,19380807,19380814
OAK01,Oakland-Alameda County Coliseum,Oakland,CA,19680417,20240926
OAK02,Oaks Park,Oakland,CA,19471016,19471016
OIL01,Ramage-Hasson Field,Oil City,PA,19420819,19430718
OKC01,Holland Field,Oklahoma City,OK,19331011,19420923
OKC02,Texas League Park,Oklahoma City,OK,19410427,19490613
OLE01,Bradner Stadium,Olean,NY,19380901,19420527
OMA01,TD Ameritrade Park,Omaha,NE,20190613,20190613
OMA02,League Park,Omaha,NE,19331006,19331006
OMA03,Omaha Municipal Stadium,Omaha,NE,19490525,19490927
ORL01,,Orlando,FL,19390405,19410409
OSH01,Municipal Athletic Field,Oshkosh,WI,19410911,19410911
OWE01,Miller Field,Owensboro,KY,19400531,19410617
OXF01,Rodeo Grounds,Oxford,NE,19460814,19490914
OZA01,,Ozark,AL,19490401,19490401
PAI01,,Painesville,OH,19390513,19390513
PAL01,,Palatka,FL,19390408,19390408
PAR01,,Parlin,NJ,19370701,19370701
PAT01,Hinchliffe Stadium,Patterson,NJ,19370515,19430529
PBL01,,Pine Bluff,AR,19400712,19420702
PEO01,,Peoria,IL,19370721,19370721
PER01,Washington Park,Peru,IL,19410826,19430810
PET01,,Petersburg,VA,19490608,19490817
PGK01,Riverview Field,Poughkeepsie,NY,19370817,19370817
PHI09,Baker Bowl,Philadelphia,PA,19010418,19380630
PHI10,Columbia Park,Philadelphia,PA,19010426,19081003
PHI11,Shibe Park,Philadelphia,PA,19090412,19701001
PHI12,Veterans Stadium,Philadelphia,PA,19710410,20030928
PHI13,Citizens Bank Park,Philadelphia,PA,20040412,20241006
PHI16,Passon Park,Philadelphia,PA,19340911,19380619
PHI17,44th and Parkside,Philadelphia,PA,19350914,19470823
PHI19,Bigler Park,Philadelphia,PA,19300925,19300926
PHO01,Chase Field,Phoenix,AZ,19980331,20240929
PIT05,Exposition Park III,Pittsburgh,PA,19010427,19151002
PIT06,Forbes Field,Pittsburgh,PA,19090630,19700628
PIT07,Three Rivers Stadium,Pittsburgh,PA,19700716,20001001
PIT08,PNC Park,Pittsburgh,PA,20010409,20240926
PIT09,Greenlee Field,Pittsburgh,PA,19320708,19380716
PLP01,Island Park,Portage La Prairie,MAN,19380719,19380719
POR01,City Stadium,Portsmouth,VA,19400506,19490817
POR02,Riverside Park,Portsmouth,OH,19400815,19410813
PPB01,,Philipsburgh,PA,19281009,19380528
PTA01,Legion Park,Port Arthur,TX,19400729,19420416
PTK01,,Pittsburg,KS,19460828,19490725
PTR01,Port Richmond,Staten Island,NY,19410427,19410427
PTX01,Binnion Park,Paris,TX,19410421,19460618
RAC01,Horlick Field,Racine,WI,19440831,19450914
RAL01,Chavis Park,Raleigh,NC,19400508,19420415
RCI01,Municipal Stadium,Richmond,IN,19420820,19490907
RCK02,Rox Park,Rockford,IL,19490906,19490906
RED01,Pirates Park,Red Bank,NJ,19380814,19410808
REG01,Park de Young,Regina,SAS,19380721,19390721
RIC03,Tate Field,Richmond,VA,19270509,19470507
RIC04,Mooers Field,Richmond,VA,19410512,19470425
RIC05,Mayo Island,Richmond,VA,19390619,19390901
RKM01,Talbert Park,Rocky Mount,NC,19480416,19480525
ROC04,Red Wing Stadium,Rochester,NY,19380802,19480729
SAN01,Qualcomm Stadium,San Diego,CA,19690408,20030928
SAN02,Petco Park,San Diego,CA,20040408,20241009
SAN03,Lane Field,San Diego,CA,19421122,19481025
SAT01,Mission Stadium,San Antonio,TX,19440419,19490926
SBD01,Lippincott Park,South Bend,IN,19370629,19460708
SBY01,Memorial Field,Salisbury,MD,19390726,19460605
SCI01,Soos Park,Sioux City,IA,19470818,19490606
SCI02,Yards Park,Sioux City,IA,19390710,19390710
SCP01,Bellefonte Community Athletic Field,State College,PA,19380517,19380622
SCR01,Dunmore Stadium,Scranton,PA,19420617,19420731
SEA01,Sick's Stadium,Seattle,WA,19690411,19691002
SEA02,Kingdome,Seattle,WA,19770406,19990627
SEA03,Safeco Field,Seattle,WA,19990715,20240929
SEL01,Rowell Field,Selma,AL,19390428,19390621
SEO01,Gocheok Sky Dome,South Korea,,20240320,20240321
SFO01,Seals Stadium,San Francisco,CA,19441015,19590920
SFO02,Candlestick Park,San Francisco,CA,19600412,19990930
SFO03,Oracle Park,San Francisco,CA,20000411,20240929
SHA01,Sharon Park,Sharon,PA,19281007,19281007
SHR01,Texas League Park,Shreveport,LA,19410416,19490418
SHW01,Athletic Park,Shawnee,OK,19400814,19400814
SJU01,Estadio Hiram Bithorn,San Juan,PR,20010401,20180418
SPA01,,Sparta,IL,19400717,19400717
SPR02,Reservoir Park,Springfield,IL,19291017,19291017
SPR03,Lanphier Park,Springfield,IL,19390621,19480901
SPR04,Municipal Stadium,Springfield,OH,19370531,19490503
SPR05,White City Park,Springfield,MO,19370513,19410520
SPR06,Pynchon Park,Springfield,MA,19400527,19400527
SPR07,Fitzpatrick Stadium,Springfield,IL,19490627,19490627
STA01,Mitchell Field,Stamford,CT,19470503,19470701
STC01,Rox Park,St. Cloud,MN,19470728,19470728
STC02,Sports Park,St. Catherines,ONT,19480907,19480907
STJ01,City Stadium,St. Joseph,MO,19390515,19490623
STL05,Robison Field,St. Louis,MO,19010419,19200606
STL06,Sportsman's Park II,St. Louis,MO,19020423,19081006
STL07,Sportsman's Park III,St. Louis,MO,19090414,19660508
STL08,Handlan's Park,St. Louis,MO,19140416,19151003
STL09,Busch Stadium II,St. Louis,MO,19660512,20051019
STL10,Busch Stadium III,St. Louis,MO,20060410,20240922
STL11,Giants Park,St. Louis,MO,19201004,19210629
STL12,Stars Park,St. Louis,MO,19250919,19370725
STL13,National Park,St. Louis,MO,19390514,19390727
STM01,,St. Marys,OH,19450721,19450721
STP01,Tropicana Field,St. Petersburg,FL,19980331,20240922
STP02,Lexington Park,St. Paul,MN,19380712,19490809
SUN01,Memorial Park,Sunbury,PA,19470604,19470604
SUP01,Lincoln Park Field,Superior,NE,19490809,19490809
SYD01,Sydney Cricket Ground,Sydney,Australia,20140322,20140323
SYR04,MacArthur Stadium,Syracuse,NY,19380801,19490606
TAL01,Fair Grounds Park,Tallulah,LA,19370419,19370419
TAM01,Plant Field,Tampa,FL,19410614,19410614
TER01,,Terre Haute,IN,19410702,19440713
TEX01,,Texarkana,TX,19380420,19390427
TOK01,Tokyo Dome,Tokyo,JAP,20000329,20190321
TOL04,Armory Park,Toledo,OH,19030628,19030816
TOL05,Swayne Field,Toledo,OH,19360913,19480822
TOP01,Owl Park,Topeka,KS,19390512,19420715
TOR01,Exhibition Stadium,Toronto,ONT,19770407,19890528
TOR02,Rogers Centre,Toronto,ONT,19890605,20240929
TRE01,Dunn Field,Trenton,NJ,19370517,19490705
TRE02,YMCA Field,Trenton,NJ,19030914,19030914
TUL01,Texas League Park,Tulsa,OK,19390504,19490601
TUP01,,Tupelo,MS,19490416,19490416
TUS01,Alberta Park,Tuscaloosa,AL,19480726,19490714
UNI01,Elks Park,Uniontown,PA,19271007,19470523
UNI02,,Unionville,MO,19370901,19370901
URB01,Illinois Field,Urbana,IL,19450915,19450915
VAN01,,Vandergrift,PA,19480513,19480513
VCK01,,Vicksburg,MS,19490901,19490901
WAC01,Katy Park,Waco,TX,19380426,19490426
WAH01,,Wahpeton,ND,19410720,19410720
WAP01,Wash-High Fied,Washington,PA,19410902,19440913
WAR01,Rocky Point Park,Warwick,RI,19030906,19030906
WAR02,Fairgrounds Park,Warren,OH,19400603,19400603
WAR03,Russell Field,Warren,PA,19390727,19400627
WAS07,American League Park I,Washington,DC,19010429,19030928
WAS08,American League Park II,Washington,DC,19040414,19101006
WAS09,Griffith Stadium,Washington,DC,19110412,19610921
WAS10,Robert F. Kennedy Stadium,Washington,DC,19620409,20070923
WAS11,Nationals Park,Washington,DC,20080330,20240929
WFI01,Memorial Stadium,West Frankfort,IL,19480616,19490628
WFL01,Spudder Field,Wichita Falls,TX,19410711,19490519
WHE02,Holloway Memorial Park,Wheeling,WV,19390518,19390518
WIC01,Lawrence Field,Wichita,KS,19371010,19490620
WIL02,BB&T Ballpark at Bowman Field,Williamsport,PA,20170820,20240818
WIL03,Harlan Field,Wilmington,DE,19211010,19261001
WIL04,Wilmington Park,Wilmington,DE,19370518,19490815
WIL05,,Williamsport,PA,19430619,19430619
WIL06,Legion Stadium,Wilmington,NC,19420506,19420506
WIL07,Municipal Stadium,Wilson,NC,19390829,19400429
WIL08,Pennsy Field,Wilmington,DE,19390715,19390724
WIN01,Osborne Stadium,Winnipeg,MAN,19350606,19430811
WIN02,Gabrych Park,Winona,MN,19490831,19490831
WNY01,West New York Field Club Grounds,West New York,NJ,19370818,19370818
WNY02,Miller Stadium,West New York,NJ,19370729,19370909
WSL01,Soutside Park,Winston-Salem,NC,19390624,19390624
WYM01,Arbor State Park,Wymore,NE,19490718,19490718
YOR01,Eagles Park,York,PA,19320927,19351014
YOR02,Memorial Stadium,York,PA,19460509,19480518
YOR03,Martin-Perry Field,West York,PA,19370715,19450820
YOU01,Idora Park,Youngtown,OH,19261003,19480901
ZAN01,Mark Park,Zanesville,OH,19380728,19380728
ZAN02,Municipal Stadium,Zanesville,OH,19410718,19490614
