id,lastname,firstname,first_g,last_g
abbof101,Abbott,Fred,19050909,19050909
acklt901,Ackley,Theodore,19530816,19530816
adamc901,Adams,Clarence,19760522,19760522
adamj901,Adams,Harry,19030721,19211013
adamu901,Adams,,19260919,19260919
addir901,Additon,Ryan,20170521,20241002
aheaj901,Ahearn,James,19341023,19341023
ahrea901,Ahrends,Adolph,19490607,19490607
akrou901,Akromis,,19460819,19490811
alleu901,Allen,,19450811,19460706
allia901,Allison,Al,19460515,19460708
altrn101,Altrock,Nick,19070603,19070603
andea901,Anderson,Andy,19780825,19790517
andeo901,Anderson,Ollie,19140414,19241014
andeu901,Anderson,,19440806,19450909
andrb901,Andress,Bill,19790501,19790504
andru901,Andrews,,19400524,19420603
angru901,Angrum,,19580824,19580824
angur901,Angus,R.,19461017,19471014
anthm901,Anthony,Merle,19690621,19750819
aratm901,Arata,Mark,19910408,19910408
armer901,Armendariz,Ramon,20040501,20070805
armsm901,Armstrong,Mike,19380628,19460708
arp-u901,Arp,,19420616,19450801
arrid901,Arrieta,David,20200821,20240929
ary-u901,Ary,,19490412,19490412
aschd901,Aschwege,Dave,20030708,20040818
ashfe901,Ashford,Emmett,19431111,19701015
asseu901,Asse,,19400527,19400527
atkiu901,Atkins,,19460603,19480530
atriu901,Atristain,,19351026,19351026
auguu901,Augustine,,19390423,19451007
austu901,Austin,,19480418,19490727
avann901,Avants,Nick,19700921,19710422
babcu901,Babcock,,19420624,19420709
bacce901,Bacchus,Erich,20200807,20241002
bacoj901,Bacon,John,20190502,20240922
bailj901,Bailey,Joe,19490607,19490607
bairj901,Baird,John,19790414,19810811
bairu901,Baird,,19490911,19490911
bakeb101,Baker,Bill,19570416,19570929
bakej902,Baker,Jordan,20120622,20241018
baldu901,Baldwin,,19420524,19420524
ballb901,Ballou,Brock,20220528,20240929
ballf901,Ballina,Frank,19910408,19950502
balll901,Ballanfant,Lee,19360414,19570929
bambm901,Bambonek,Mike,19490831,19490831
banau901,Banaham,,19410518,19480606
banku901,Banks,,19410510,19470722
banku902,Bankhead,,19430529,19430529
barbs901,Barber,Sean,20140330,20240922
barkl901,Barksdale,Lance,20000529,20241010
barla901,Barlick,Al,19400908,19710926
barnl901,Barnett,Larry,19690408,19990724
barnr901,Barnes,Ron,19900615,20020804
barrd901,Barry,Dan,19280411,19280930
barrg901,Barr,George,19310904,19491009
barrl901,Barrett,Lance,20101001,20241010
barrm901,Barron,Mark,19920928,20020527
barrs901,Barry,Scott,20060604,20240930
barrt901,Barrett,Ted,19940527,20221023
barru901,Barrow,,19441001,19451007
barru902,Barrett,,19210629,19210629
barsm901,Barston,Mike,19790428,19790428
basis901,Basil,Steve,19360414,19420925
basiu901,Basile,,19400728,19401004
basnt901,Basner,Toby,20120624,20170730
baswj901,Baswell,Jack,19790518,19790518
bausg101,Bausewine,George,19050414,19050919
bayeu901,Baye,,19450717,19450717
beald901,Beal,Damien,20070824,20100418
beane901,Bean,Ed,19940603,19940807
becka901,Beck,Adam,20200805,20241012
beckb901,Beck,Bob,19790425,19790517
becke101,Beck,Erve,19020525,19020525
beckj103,Beckley,Jake,19060909,19060909
becku901,Beck,,19261113,19411026
beebf101,Beebe,Fred,19070811,19070811
beggu901,Beggs,,19261004,19281012
behlf901,Behle,Frank,19010708,19010822
bejmo101,Bejma,Ollie,19350728,19350728
belcu901,Belcher,,19420716,19450620
belld901,Bellino,Dan,20080625,20241011
bellu901,Bellinski,,19410911,19420812
bellw103,Bell,William,19350929,19350929
bellw901,Bell,Wally,19920616,20131009
bendc101,Bender,Chief,19070429,19070429
bendj901,Bendekovits,Joe,19790420,19790517
benju901,Benjamin,,19370425,19410513
bennu901,Bennett,,19251018,19251018
bergu901,Bergen,,19410430,19470630
bernb101,Bernhard,Bill,19030523,19070916
berrc103,Berry,Charlie,19420910,19701003
berru901,Berry,,19440720,19440914
betcr901,Betcher,Ralph,19760521,19760521
bettw901,Betts,William,19010824,19030928
beveu901,Bever,,19390723,19390723
bevim101,Beville,Monte,19040909,19040909
biall901,Bialorucki,Larry,19950426,19950502
bibbu901,Bibb,,19420614,19420614
biblj901,Bible,Jon,19841002,19841005
bierb901,Bierhalter,Bits,19180722,19240612
bishh901,Bishop,Homer,19790411,19790411
bishl901,Bishop,Les,19410802,19460917
blacb901,Blackmore,B.A.,19390919,19390919
blacu901,Blackman,,19270731,19270731
blakr901,Blakney,Ryan,20150421,20241010
blaku901,Blakeslee,,19380529,19380529
blanc103,Blankenship,Cliff,19070924,19070924
blanf901,Blandford,Fred,19701003,19701003
blano901,Blankenmeister,Oscar,19201005,19201005
blasc901,Blaser,Cory,20100424,20241011
blauu901,Blauvelt,,19440511,19440511
bleeu901,Bleech,,19390824,19400627
bluev901,Blueitt,Virgil,19340916,19500820
boggd901,Boggess,Dusty,19440418,19621003
bohnm901,Bohn,Matt,19950426,19950502
bonig901,Bonin,Greg,19840725,20010606
bonnu901,Bonnie,,19420424,19420424
bonvu901,Bonville,,19470615,19470812
boonu901,Boone,,19240427,19470730
borcu901,Borchick,,19420615,19420615
borgs901,Borga,Steve,19790413,19790415
bossu901,Boss,,19440822,19440822
bouru901,Bourne,Lionel,19460623,19490821
bovet901,Bovey,Terry,19790413,19950502
boweu901,Bowen,,19450408,19450408
boweu902,Bowers,,19250811,19250811
boyej901,Boyer,Jim,19440418,19500813
boylu901,Boyle,Pat,19210612,19470610
bradu902,Brady,,19480526,19490524
brank101,Bransfield,Kitty,19170411,19171002
branu901,Brannan,,19271009,19390516
brauu901,Brauer,,19210522,19210522
brecu901,Breckman,,19281014,19281014
breit101,Breitenstein,Theodore,19201005,19201005
bremn901,Bremigan,Nick,19740405,19880814
brenb901,Brennan,Bill,19090918,19211001
brenu902,Brenaham,Finnis,19311025,19400609
bridu901,Bridgewater,,19361004,19361004
brinj901,Brinkman,Joe,19720906,20060702
brism901,Briscese,Mike,19790417,19790516
broce901,Brockman,Edward,19311004,19400805
brocf901,Brocklander,Fred,19790405,19900809
broou901,Brooks,,19301029,19301123
brosu901,Broski,,19361001,19361001
browb901,Brown,Bud,19790414,19790502
browd901,Brown,Doug,19790503,19790510
browj901,Brown,Jeff,19780825,19790425
brows103,Brown,Sam,19070830,19070830
browt102,Brown,Tom,19010726,19071004
browu901,Brown,,19211003,19610820
brucu901,Bruce,,19430824,19430921
brucu902,Bruce,,19370626,19370821
brunr901,Bruns,Randy,19910408,19910408
brutu901,Brutteri,,19370710,19370710
bryau901,Bryan,,19470620,19470620
buchw901,Buchanan,William,19980403,19980403
buckc901,Bucknor,CB,19960404,20240922
bucks901,Buckminster,Seth,20140408,20150524
bucku901,Buckley,,19480705,19480705
buelc101,Buelow,Charlie,19010706,19010706
buelf101,Buelow,Fritz,19060716,19060716
buntw901,Buntyn,West,19390801,19450415
burgu901,Burgin,,19380515,19380515
burkk101,Burkhart,Ken,19570416,19730930
burnu902,Burnett,,19480506,19480519
burtu901,Burton,,19210905,19211015
bushg901,Bush,Garnet,19110920,19140615
buthu901,Buthey,,19281013,19281013
byerb101,Byers,Bill,19301012,19301026
byrnj902,Byrne,Jon,20140516,20140928
byrol901,Byron,Lord,19130410,19190927
bywau901,Bywatter,,19440711,19440711
cabeg901,Cabelof,George,19460702,19470625
cabel901,Cabelof,Leo,19430719,19470625
cainu901,Cain,,19380628,19380628
caldu901,Caldwell,,19361001,19361001
calln101,Callahan,Nixey,19010707,19010707
campa902,Campos,Angel,20070503,20140914
campb901,Campbell,Bick,19280410,19400929
campb902,Campbell,Bob,19790412,19790502
campf901,Campagna,Frank,19790413,19841006
campr901,Campbell,Ray,19490718,19490718
canau901,Canale,,19490726,19490726
cantj801,Cantillon,Joe,19010426,19020825
caraj901,Caraco,Joe,19950426,19950502
carav901,Carapazza,Vic,20100409,20241019
carlm901,Carlson,Mark,19990611,20241030
carmu901,Carmona,,19351026,19351026
carnr901,Carney,Red,19240612,19240612
carnu901,Carnicella,,19320930,19320930
carpb901,Carpenter,Bill,19040414,19071005
carpu901,Carpenter,,19470502,19470526
carrh901,Carrigan,Sam,19610411,19641004
carrj901,Carroll,Jack,19251025,19251101
carsk102,Carsey,Kid,19010710,19010710
cartu901,Carter,,19400616,19400616
carub101,Caruthers,Bob,19020423,19030704
caseu901,Casey,,19370427,19370427
cashd901,Cashion,Dim,19261011,19261011
casoj101,Cason,John,19410526,19410526
casou901,Cason,,19390625,19460603
cassf901,Cassese,Frank,19610820,19610820
causk901,Causey,Kevin,20060902,20090913
cavau901,Cavanaugh,,19301005,19301005
caved901,Cavenaugh,Dick,19790405,19841003
cavou901,Cavos,,19380724,19380724
cedeg901,Cederstrom,Gary,19890602,20191030
cejan901,Ceja,Nestor,20200814,20241002
cennu901,Cenni,,19480827,19480827
chadc101,Chadbourne,Chet,19301029,19331225
chalm901,Challower,Mark,19440827,19460428
chanf101,Chance,Frank,19020718,19020718
charo101,Charleston,Oscar,19440507,19470902
charu901,Charleston,,19361001,19361001
chilo901,Chill,Ollie,19140414,19260920
chilu901,Childs,,19430628,19430628
chiru901,Chirhart,,19470728,19470728
chriu901,Christmas,,19430510,19430702
chriu902,Christian,,19370514,19370514
chyln901,Chylak,Nestor,19540413,19780722
clara901,Clark,Al,19760409,20010613
clara902,Clarke,Alvin,19380403,19380403
clarb901,Clarke,Bob,19300415,19310816
claru901,Clarke,,19410805,19460610
claru902,Clary,,19430712,19430712
clauu901,Claus,,19410805,19410808
clayu901,Clayton,,19390719,19390721
cleap901,Cleague,Pete,19380501,19430815
clegd901,Clegg,Dick,19790415,19790518
clemb901,Clement,Curly,19780825,19790405
clemp901,Clemons,Paul,20200819,20240926
cobld901,Coble,Drew,19820608,19990703
cockg901,Cockill,George,19150529,19151007
cockp101,Cockrell,Phil,19370515,19480809
coglu901,Coglizer,,19370831,19370831
cohea901,Cohen,Al,19760521,19760522
coheu901,Cohen,,19380822,19440913
cokeu901,Coker,,19370527,19370625
colbu902,Colby,,19460723,19460813
coleu901,Cole,,19441015,19441015
coleu902,Coles,,19480709,19480709
colgh901,Colgan,Harry,19010418,19010817
collh101,Colliflower,Harry,19100805,19100920
collu901,Collins,,19450506,19470811
colod901,Colon,Delfin,20080728,20090927
colon901,Colosi,Nick,19680915,19821003
compc901,Compton,Craig,19950427,19950502
condu901,Condon,,19260919,19260919
conlj102,Conlan,Jocko,19241020,19650606
connp901,Connors,Pat,19980511,19980824
connt901,Connolly,Tommy,19010424,19320731
connt902,Connor,Tom,19050629,19060719
connu901,Conn,Jack,19790412,19790412
connu903,Connolly,,19290606,19300705
conrc901,Conroy,Chris,20100929,20240929
conrh901,Conrad,Harry,19441011,19441011
conru901,Conroy,,19450812,19490710
conta901,Contant,Alan,19780825,19790513
conwj901,Conway,John,19060412,19061004
cookr901,Cook,Rob,19990903,20000903
coolu901,Cooley,,19390424,19390424
coonj101,Cooney,Johnny,19410628,19410628
coont901,Cooney,Terry,19740927,19920919
coope901,Cooper,Eric,19960617,20191007
coopu901,Cooper,,19270730,19460725
coplu901,Coplan,,19400906,19400913
corct101,Corcoran,Tommy,19150501,19150819
cordi901,Cordes,Ike,19490604,19490810
cornu901,Cornelius,,19390419,19390419
cossd901,Cossey,Doug,19780825,19841005
costp901,Costello,Perry,19950501,19950502
costu901,Costello,,19241011,19250927
cotee901,Cote,Emilien,19790414,19790425
cottu901,Cottman,,19490916,19490918
cougb101,Coughlin,Bill,19040908,19040910
coulu901,Coulter,,19390714,19390714
cousd901,Cousins,Derryl,19790406,20120909
cox-s901,Cox,Steve,19341023,19341023
craft901,Craft,Terry,19870527,20060418
craij901,Craig,John,19300719,19460726
craiu901,Crain,,19410808,19410808
crawj901,Crawford,Jerry,19760515,20101009
crawj902,Crawford,John,19410511,19480818
craws901,Crawford,Shag,19560417,19750928
creeu901,Creelin,,19410913,19410913
crisr901,Christal,Randy,19841002,19841005
crolf101,Crolius,Fred,19010720,19010720
cromu901,Cromwell,,19240803,19470606
cronj102,Cronin,Jack,19010905,19021004
croou901,Crooks,,19470615,19500820
crosm101,Cross,Monte,19140414,19141010
crosu901,Crossland,,19480811,19490705
crosu902,Cross,,19430621,19430621
crumj101,Crump,James,19341002,19420618
cubau901,Cuban,,19470629,19470629
culbf901,Culbreth,Fieldin,19930813,20211003
culld101,Culler,Dick,19470710,19470710
cummc901,Cummings,Chick,19310617,19310617
cunej901,Cuneo,Jim,19780825,19790516
cunnb103,Cunningham,Bert,19010524,19010721
cunnu901,Cunningham,,19430507,19440417
curru901,Curran,,19410830,19410830
curru902,Curry,,19380710,19380710
cusas901,Cusack,Steve,19090415,19160828
cusau901,Cusack,,19210509,19210509
cuzzp901,Cuzzi,Phil,19910604,20241002
dageu901,Dagenfield,,19400602,19400602
dahmu901,Dahman,,19261003,19261003
dalej901,Dale,Jerry,19700925,19850914
daleu901,Daley,,19331006,19331006
dalru901,Dalrymple,,19420512,19420902
dalyt101,Daly,Tom,19011005,19011005
danlk901,Danley,Kerwin,19920612,20210829
darlg901,Darling,Gary,19860420,20131010
darnu901,Darnell,,19361004,19361004
dascf901,Dascoli,Frank,19480704,19610809
daugu901,Daugherty,,19480518,19480518
davib901,Davis,Bill,19950426,19950502
davib902,Davidson,Bob,19820531,20161002
davib903,Davis,Bob,19790511,19790518
david901,Davidson,Dale,19790502,19790516
davig901,Davis,Gerry,19820609,20211003
davis901,Davidson,Satch,19690408,19840512
daviu901,Davis,,19341017,19370606
dawsu901,Dawson,,19281008,19281008
day-u901,Day,,19370508,19370509
decku901,Decker,,19370620,19370620
decuu901,Decuir,,19390917,19390917
deegb901,Deegan,Bill,19701003,19950502
deemh901,Deem,Harry,19440711,19440711
deflp901,DeFlesco,Pete,19910408,19910408
dehaf901,DeHaney,Frank,19451003,19481025
dejer901,De Jesus,Ramon,20160422,20241012
delld901,Dellinger,Dusty,20050704,20070603
delmv901,Delmore,Vic,19560417,19590927
dempu901,Dempsey,,19460812,19460812
demud901,DeMuth,Dana,19830603,20190712
denis901,Deniston,Shan,19780825,19780825
denkd901,Denkinger,Don,19690408,19980602
dennr901,Denny,Richard,19841003,19841003
derou901,DeRose,,19370629,19370629
derrd901,Derr,Doll,19230417,19251010
deusu901,Deuschle,,19480722,19480722
devoj102,Devoe,Josh,19341014,19410511
deweu901,Dewey,Lewellyn,19390831,19470708
dezef901,Dezelan,Frank,19660923,19701001
diazl901,Diaz,Laz,19950623,20240930
dicku901,Dickinson,,19421018,19421018
dierr901,Dierking,Roger,19780825,19780825
dimul901,DiMuro,Lou,19630410,19820606
dimum901,DiMuro,Mike,19970731,20180708
dimur901,DiMuro,Ray,19960528,19980830
dinnb101,Dinneen,Bill,19070915,19371003
disau901,DiSantis,,19370901,19370909
dixoh901,Dixon,Hal,19530414,19591008
dixor101,Dixon,Rap,19400518,19400915
dixou901,Dixon,,19390419,19480527
donaa901,Donatelli,Augie,19500418,19731021
donab901,Donaldson,Billy,19230805,19420920
donar101,Donahue,Red,19030925,19060922
donlm101,Donlin,Mike,19180722,19180722
donnc901,Donnelly,Charles,19310420,19350929
donnu901,Donnelly,,19320930,19320930
donob101,Donovan,Bill,19020802,19060831
donom901,Donohue,Michael,19300415,19300917
donou901,Donohue,,19480708,19480818
dooir101,Dooin,Red,19040726,19040726
doolt901,Doolan,Tim,19241003,19241006
dorcu901,Dorchick,,19480614,19480614
dougd901,Dougherty,Dan,19261011,19281010
dougk101,Douglass,Klondike,19030610,19030610
dougu901,Douglas,,19470821,19470905
dowda901,Dowdy,Adam,20020618,20070930
downu901,Downing,,19410830,19410830
doylj103,Doyle,Jack,19110412,19110601
doylj901,Doyle,Joe,19380426,19490509
drakr901,Drake,Rob,19990903,20241008
draku901,Drake,,19300831,19300831
drecb901,Dreckman,Bruce,19960405,20240928
drekr901,Dreke,Roy,19790404,19790412
dresa901,Dresser,Al,19950429,19950429
drewu901,Drews,,19440904,19440904
drill101,Drill,Lew,19030706,19040909
drisj901,Driscoll,Joe,19780825,19780825
drumc901,Drummond,Cal,19600418,19690610
drumj901,Drumgoole,Jim,19450513,19490821
drumu901,Drummond,,19480808,19480808
druru901,Drury,,19470527,19470615
dudlu901,Dudley,,19460628,19480822
duffj901,Duffy,Jim,19510417,19530927
duffu901,Duffy,,19271009,19281007
duhlu901,Duhlstein,,19371005,19371005
duncf102,Duncan,Frank,19461007,19490918
duncr901,Duncan,Dennis,19950426,19980403
duncu901,Duncan,,19370913,19370913
dunnj901,Dunne,Jim,19780825,19790408
dunnt901,Dunn,Tom,19390627,19460929
durfp901,Durfee,Peter,20050918,20050929
duveu901,Duver,,19390707,19390728
dwyef101,Dwyer,Frank,19010420,19041008
easlh901,Easley,Harold,19790405,19790502
easom101,Eason,Mal,19020725,19170723
eckmu901,Eckman,,19210508,19210509
eddid901,Eddings,Doug,19980816,20241030
eddij901,Eddinger,Jerry,19130730,19130731
edwal901,Edwards,Larry,19780825,19780825
edwau901,Edwards,,19380822,19380822
eganr101,Egan,Jack,19030820,19141007
eldrc901,Eldridge,Clarence,19140624,19150527
elfoa901,Elford,Art,19440710,19440710
elkiu901,Elkins,,19461010,19461010
emmep901,Emmel,Paul,19990731,20230521
emslb101,Emslie,Bob,19010419,19240928
engeb901,Engel,Bob,19650820,19900424
engeb902,Engeln,Bill,19520523,19560930
engll101,English,Louis,19390421,19390421
eoffu901,Eoff,,19410520,19410520
eraau901,Eraat,,19320927,19320927
esheg901,Eshelman,George,19790404,19790520
esheu901,Eshelman,,19480712,19490622
estam901,Estabrook,Mike,20060507,20241019
estej901,Estes,Jimmy,19451003,19481025
evanb901,Evans,Billy,19060414,19271001
evanj901,Evans,Jim,19710909,19990829
evanj902,Evans,Jeff,19910408,19910408
evanu901,Evans,,19211010,19480510
everm901,Everitt,Mike,19960620,20191019
evilu901,Evilsizor,,19430518,19430702
fagac901,Fagan,Clint,20110627,20170730
fairc901,Fairchild,Chad,20040930,20241029
fairu901,Fair,Paul,19371010,19410420
fambu901,Fambro,,19440720,19470925
farlu901,Farland,,19451009,19451009
farmm901,Farmer,Mike,19790508,19790510
farnh901,Farnsworth,Harry,19790408,19790517
farrd102,Farrell,Duke,19010629,19020525
feasd901,Feaser,Dick,19790412,19790516
feige901,Feigert,E.,19450813,19450813
fergc102,Ferguson,Charlie,19130411,19140512
fergt901,Ferguson,Tom,19261024,19261219
fernu901,Fernandez,,19480425,19480523
ferru901,Ferry,,19460603,19460603
fichm901,Fichter,Mike,19991001,20050907
fickj901,Fick,Jerry,19780825,19790429
fiela901,Fields,Art,19430829,19440916
fiels901,Fields,Steve,19790406,19810920
fielu901,Fieldcamp,,19470417,19470708
filcu901,Filchia,,19400602,19400602
fincu901,Finch,,19490911,19490911
finku901,Fink,,19370806,19380718
finnu901,Finney,,19210430,19210430
finnw901,Finneran,Bill,19110412,19230930
fiora901,Fioresi,Al,19451021,19451021
fishf901,Fisher,Frank,19790413,19841006
fishu901,Fisher,,19450801,19490721
fishu902,Fishel,,19450614,19450614
fishu903,Fish,,19380814,19380814
fitzf101,Fitzsimmons,Freddie,19410628,19410628
fitzm901,Fitzpatrick,Mike,19790407,19790516
fitzu901,Fitzpatrick,,19371011,19440914
flahp101,Flaherty,Patsy,19030708,19070829
flahr901,Flaherty,Red,19530723,19730930
fleeu901,Fleet,,19480510,19480510
flemt901,Fleming,Tom,19790410,19790410
fleta901,Fletcher,Andy,19990824,20241030
florj901,Floras,John,19910408,19950502
floyu901,Floyd,,19390427,19420614
flynu901,Flynn,,19390925,19390925
follb901,Follmer,Bill,19790507,19790516
fonvu901,Fonville,,19470802,19480515
forbf901,Forbes,Frank,19340909,19430908
forcb101,Force,Bill,19410526,19410526
fordd901,Ford,Dale,19750829,19990718
fordu901,Ford,,19291017,19481107
fordu902,Ford,,19370831,19370831
fordw901,Ford,Wade,19950426,19950502
foref101,Foreman,Frank,19010907,19010907
foreu901,Forest,,19441015,19441015
forma901,Forman,Al,19610411,19790408
formu901,Formoso,,19470510,19470510
fostm901,Foster,Marty,19960910,20220816
fostu901,Foster,,19210710,19210710
fourj101,Fournier,Jack,19211010,19211010
fowlg901,Fowler,Gene,19790501,19790501
fowlw901,Fowler,Wheeler,19780825,19780826
framu901,Frambaugh,,19430826,19430826
frana901,Frantz,Art,19690408,19770810
franu901,Frank,,19291006,19301019
frarr901,Frary,Ralph,19110628,19110814
fredu901,Frederick,,19380414,19380414
freeb102,Freeman,Buck,19241003,19251004
freeb901,Freels,Bob,19790430,19790513
freet901,Freese,Todd,19950426,19950502
frieb103,Friel,Bill,19200616,19200812
fries901,Friend,Steve,19490801,19490801
froeb901,Froemming,Bruce,19710406,20071008
froeg901,Froese,Grover,19520427,19530927
frosu901,Frosch,,19370921,19420630
fry-c901,Fry,Chubby,19470712,19470712
fuchl901,Fuchs,Lester,19780825,19790408
fugej901,Fugere,Joseph,19980403,19980403
fullt901,Fullwood,Troy,20040429,20070611
fullu901,Fuller,,19440521,19480509
funau901,Funaltar,,19470831,19470831
funnt901,Funneman,Tyler,20110617,20110617
fyfel901,Fyfe,Lu,19150410,19261014
gainu901,Gaines,,19370426,19370426
galll901,Gallagher,Larry,19790503,19790513
gambe901,Gamblee,Ellsworth,19330723,19330723
gambu901,Gamber,,19490608,19490608
gannu901,Gannon,,19281010,19281010
gansj101,Gans,Judy,19290901,19351012
ganzc101,Ganzel,Charlie,19010914,19010914
garcr901,Garcia,Rich,19750408,19990830
gardu101,Gardner,Simmie,19510812,19520817
garmj901,Garman,Jim,19950426,19950430
garrr901,Garrett,R.W.,19510812,19540822
gaugu901,Gaughan,,19380914,19390727
geish901,Geisel,Harry,19250414,19420627
geore901,George,Ed,19790407,19790407
germd901,German,Dugan,19430629,19430719
getzu901,Getzett,,19210606,19210606
gholb901,Gholston,Bert,19230805,19450712
giarb901,Giard,Bob,19780825,19780825
gibbb901,Gibbons,Brian,19940617,19990830
gibbu901,Gibbs,,19370902,19370902
gibsg901,Gibson,Greg,19970614,20220530
gibsh902,Gibson,Tripp,20130708,20241011
gibsu901,Gibson,,19410626,19410626
giddu901,Giddon,,19390801,19390801
gilbu901,Gilbert,,19351012,19430729
gillu901,Gill,,19400602,19440714
gisot901,Gisondi,Tony,19910408,19910408
giveu901,Givens,,19271008,19271008
glasu901,Glascow,,19440715,19450822
glovu901,Glovewell,,19390827,19390827
goece901,Goeckel,Ed,19130727,19241020
goehu901,Goehler,,19300821,19300822
goetl901,Goetz,Larry,19360414,19560930
goetr901,Goetz,Russ,19680410,19830922
goetu901,Goetz,,19271029,19271029
goldu901,Goldman,,19401001,19401004
goldu902,Golden,,19341017,19341017
gonzm901,Gonzalez,Manny,20100517,20240929
goodg901,Goodall,George,19390513,19420807
goodu901,Goodside,,19400610,19400610
goodw901,Goodman,W.,19210424,19470730
goolu901,Goolsby,,19480822,19480822
gorea901,Gore,Artie,19470415,19560930
goreu901,Gore,,19370722,19370722
gormb901,Gorman,Brian,19910424,20210930
gormt101,Gorman,Tom,19510911,19770904
gosnj901,Gosney,Jeff,20140412,20150709
gossu901,Goss,,19410712,19410808
gradm101,Grady,Mike,19010626,19010626
grahs901,Graham,Scott,19910408,20040723
grahu901,Graham,,19490801,19490809
granu901,Granger,,19490801,19490809
grays901,Gray,S.,19480611,19480611
grayu901,Gray,,19420424,19420424
greee901,Greenfield,Eggie,19430617,19480704
greep901,Green,Perry,19390919,19390919
greeu901,Greenwald,,19270920,19271004
greeu902,Green,,19350929,19500820
grege901,Gregg,Eric,19760921,19990829
gresu901,Greschaj,,19400726,19400726
grieb901,Grieve,Bill,19380419,19550925
grifc101,Griffith,Clark,19030929,19030929
grimb901,Grimmer,Bob,19440822,19440822
grimj901,Grimsley,John,19701003,19701003
grimu901,Grimes,,19420524,19420524
grins901,Grinder,Scott,19830604,19860804
groeu901,Groesch,,19470610,19470610
grofu901,Groff,,19460826,19460826
groob101,Groom,Bob,19140912,19140912
groor901,Grooms,Roger,19790404,19790519
grubu901,Grubb,,19410808,19410808
grulr901,Grulkowski,Ray,19490831,19490831
grygg901,Grygiel,George,19701003,19701003
guccc901,Guccione,Chris,20000425,20240929
gucke901,Guckert,Elmer,19760521,19760521
gugla901,Guglielmo,Augie,19520415,19520928
gunnu901,Gunning,,19460509,19460725
gustd901,Gustafson,Dave,19780825,19780825
guthb901,Guthrie,Bill,19130412,19320925
gutzu901,Gutzeit,O.,19220627,19300922
haasu901,Haas,,19440913,19440913
hadrm901,Hadry,Merrill,19790412,19790513
hafnb901,Hafner,Bill,19790503,19790513
hageu901,Hagenbuch,,19261006,19261008
haggu901,Haggerty,,19370521,19370521
haleu901,Haley,,19490618,19490618
hallb101,Hallman,Bill,19030801,19030825
hallb901,Haller,Bill,19610914,19821020
hallt901,Hallion,Tom,19850610,20221005
hallu901,Hall,,19280729,19280729
hamaa901,Hamari,Adam,20130625,20241010
hameu901,Hametz,,19470924,19470924
hamir901,Hamil,Ray,19790509,19790515
hanat901,Hanahan,Tom,20230609,20240925
hannu901,Hannibal,,19370508,19430704
hansh901,Hansen,Howard,19780825,19790517
hansu901,Hanstein,,19400614,19400614
hantb901,Hantak,Bob,19790407,19790410
hardu901,Harden,,19430628,19430628
harra901,Harris,Arthur,19371010,19371010
harrb117,Harris,Bill,19450512,19480707
harrb901,Harris,Bill,19370711,19440801
harrj102,Harris,Joe,19060823,19060823
harrl901,Harris,Lanny,19790405,19850901
harrm103,Harris,Mo,19320928,19480919
harrp901,Harrison,Pete,19160412,19201003
harru901,Harrison,,19380413,19420908
harrv901,Harris,Vance,19950426,19950502
harrw102,Harris,Win,19340704,19420910
hartb106,Hart,Bill,19010901,19170729
hartb901,Hart,Bob,19120411,19291006
hartg102,Hartley,Grover,19350729,19350729
hartu901,Hartzell,,19480418,19480511
hartu902,Hartley,,19220726,19220726
harvd901,Harvey,Doug,19620410,19921004
harvr901,Harvey,Randy,19910408,19950502
harvu901,Harvey,B. T.,19370725,19400902
haskj901,Haskell,Jack,19010426,19010928
hassj901,Hassett,James,19030420,19030914
hawku901,Hawkins,,19490623,19490623
haydu901,Hayden,,19361002,19370527
hayef101,Hayes,Frankie,19461007,19461007
hayeg901,Hayes,Gerald,19251001,19470730
haywu901,Haywood,,19450804,19450804
healu901,Heald,,19410714,19410812
hechm901,Hecht,Marvin,19790429,19790429
heckg101,Hecker,Guy,19331005,19331005
heidj901,Heidig,John,19420708,19420731
heitd901,Heitzer,Dick,19790410,19790508
helmu901,Helmick,,19271007,19271007
hende901,Hendee,Ed,19430804,19440710
hendt901,Hendry,Ted,19770619,19990418
henlb101,Henline,Butch,19450417,19481003
henrb901,Henry,Bill,19790430,19790624
henrj901,Henrichs,Jeff,19930809,19950502
hergu901,Hergert,,19390727,19470924
hermu901,Herman,,19470604,19470604
herna901,Hernandez,Angel,19910523,20240509
hernb901,Hernandez,Bob,19950426,19950430
hernf901,Herndon,Fred,19930614,19930614
hessu901,Hess,,19341028,19431024
hickc101,Hickman,Charlie,19070429,19070429
hicke901,Hickox,Ed,19900516,20220807
higbu901,Higbie,,19440503,19440720
higgj901,Higgins,John,19910408,19950502
higgs901,Higgins,Scott,20000423,20030709
hildg101,Hildebrand,George,19130410,19340923
hillu901,Hillaker,,19460822,19470612
hilsr901,Hilson,Rocky,19410810,19470601
hirsj901,Hirschbeck,John,19830506,20161102
hirsm901,Hirschbeck,Mark,19870619,20030415
hobep901,Hoberg,Pat,20140331,20230917
hodgm901,Hodges,Morris,19990903,20010520
hoffa901,Hoffman,Artie,19420708,19420731
hohnb901,Hohn,Bill,19870529,20101003
holbs901,Holbrook,Sam,19960626,20211011
holdu901,Holder,,19460707,19460707
hollb103,Holliday,Bug,19030422,19030710
hollc103,Holloway,Crush,19420617,19430923
hollh901,Holland,Harry,19300419,19460709
hollm901,Hollowell,Matt,20000814,20040930
hollu902,Holloway,,19410727,19470520
hollu903,Hollingsworth,,19490824,19490824
holmd102,Holmes,Ducky,19210918,19240927
holom901,Holoka,Mike,19910408,19950502
holzu901,Holzbach,,19460829,19460829
homob901,Homolka,Bob,19950426,19950502
honoj901,Honochick,Jim,19490419,19730930
hoodu901,Hood,Guy,19341014,19460604
hooku901,Hooks,,19370606,19370606
hopgu901,Hopgood,,19420615,19420615
hordm901,Hord,Manny,19420716,19490623
horvu901,Horvath,,19370629,19370629
hostp901,Hostetler,Paul,19460515,19460515
howeh101,Howell,Harry,19040910,19150801
howld101,Howley,Dan,19220723,19220723
hoyej901,Hoye,James,20030608,20241009
hubbc901,Hubbard,Cal,19360414,19510930
hubem901,Huber,Mike,19950426,19950501
hubeu901,Huber,Louie,19440808,19470602
hudsm901,Hudson,Marvin,19980729,20241020
huhnu901,Huhn,,19210424,19210424
humpr901,Humphrey,Rich,19830622,19950502
hunth901,Huntington,Hank,19490718,19490718
huntu901,Hunter,,19461012,19470527
huntu902,Huntzinger,,19480606,19490821
hurle901,Hurley,Eddie,19470415,19651014
hurst801,Hurst,Tim,19030807,19090803
hutsr901,Hutson,Ron,19790406,19790517
huysu901,Huyskill,,19430525,19430713
hyath101,Hyatt,Ham,19120820,19120820
iassd901,Iassogna,Dan,19990820,20241019
innou901,Innocenzi,,19370912,19370912
irwia101,Irwin,Arthur,19020807,19021003
ivorb901,Ivory,Bill,19790417,19790422
jackb901,Jackowski,Bill,19520819,19680929
jackc901,Jackson,Charles,19790413,19790413
jackd901,Jackson,Dick,19950426,19950502
jackf101,Jacklitsch,Fred,19010820,19010820
jacku901,Jackson,,19410915,19460728
jacou901,Jacobs,,19460930,19460930
jamej901,James,Johnny,19780825,19790509
jameu901,James,,19410803,19470704
jamic901,Jamison,Caesar,19200711,19300928
janud901,January,Don,19910408,19950502
jaquc901,Jaques,Charlie,19261011,19261011
jeanj901,Jean,James,20240628,20240914
jeffr901,Jeffers,Ron,19790501,19790505
jefft901,Jefferson,T.H.,19500820,19580824
jenkj901,Jenkins,Jeff,19950426,19950502
jenku901,Jenkins,,19210709,19420412
jessu901,Jessup,,19460930,19460930
jimee901,Jimenez,Emil,20230418,20240929
jimee902,Jimenez,Edwin,20230424,20240929
johna901,Johnson,Adrian,20060419,20241011
johna907,Johnson,A.J.,20140412,20151004
johnc901,Johnston,Charles,19360414,19371003
johnj901,Johnstone,Jim,19020423,19151003
johnm901,Johnson,Mark,19790807,19990725
johns901,Johnson,Steamboat,19140426,19141005
johnu901,Johnston,,19460930,19460930
johnu902,Johnson,,19300913,19460505
jonea901,Jones,Austin,20240722,20240915
joneb901,Jones,Bob,19790407,19950502
jonej901,Jones,Jim,19790420,19790517
joner901,Jones,Red,19440418,19491002
joneu901,Jones,,19400602,19470427
jordh901,Jordan,Harold,19841002,19841002
jordl901,Jorda,Lou,19270412,19520807
jordu901,Jordan,,19240903,19460723
jostm901,Jost,Mike,20040513,20040906
joycj901,Joyce,Jim,19870523,20161002
jumph901,Jumper,Howard,19790517,19790517
kahom101,Kahoe,Mike,19050713,19050713
kaisk901,Kaiser,Ken,19770406,19990520
kalll901,Kallis,Leo,19420524,19420524
kanes901,Kane,Steve,19090414,19140608
kapla901,Kaplan,Al,19950426,19950502
karge101,Karger,Ed,19060902,19060902
katzt901,Katzenmeier,Travis,19990809,20010823
kavuj901,Kavulich,Joe,19780825,19790513
keelw101,Keeler,Willie,19100825,19100825
keesu901,Keesey,,19460510,19460510
keilu901,Keill,,19490729,19490729
keisw901,Keister,Wayne,19780825,19790512
kellg901,Kelly,Gene,19790503,19790513
kellj901,Kellogg,Jeff,19910612,20190627
kellk901,Kelley,Kevin,20010528,20050808
kellt901,Kelly,Toss,19050415,19050711
kellu901,Kelly,,19130728,19460717
kellu902,Keller,,19480827,19480827
kellw102,Kellum,Win,19050604,19050604
kempe101,Kemp,Ed,19410504,19430924
kempu901,Kemp,,19380515,19490724
kennc901,Kennedy,Charles,19040818,19040910
kennd101,Kennedy,Doc,19100820,19100820
kentu901,Kent,,19460804,19480617
kerij101,Kerins,Jack,19030914,19030915
kerij901,Kerin,John,19080919,19100827
kessa901,Kessler,Al,19490913,19490913
kiblj901,Kibler,John,19630915,19891001
kiddc901,Kidd,Chester,19460507,19460507
killu901,Killian,,19220816,19220816
kimbs901,Kimball,Shawn,19910408,19910408
kinga901,King,Al,19380403,19380403
kingc901,King,Charles,19040414,19041010
kingu901,King,,19370522,19431107
kinnb901,Kinnamon,Bill,19600908,19690618
kirbk901,Kirby,Ken,19790410,19790426
kirbl901,Kirby,Lawrence,19351009,19380726
kiseu901,Kiseletein,,19281013,19281013
kitsf101,Kitson,Frank,19020729,19020729
kittm101,Kittridge,Malachi,19050918,19060716
kleic101,Klein,Chuck,19420501,19420501
kleig901,Klein,Gus,19910408,19950502
klemb901,Klem,Bill,19050414,19410913
klemj901,Klemm,Justin,20000523,20030921
klinj101,Kling,Johnny,19010831,19010831
knauj901,Knauss,Jim,19910408,19910408
knauu901,Knauf,,19380713,19380725
knigb901,Knight,Brian,20010507,20240626
knigu901,Knight,,19281008,19281008
knudu901,Knudson,,19430720,19440822
knutu901,Knutson,,19450828,19450828
kolll901,Kolls,Lou,19330412,19400929
kolou901,Koloszar,,19370806,19380718
kopsu901,Kopsic,,19420615,19480901
koscg901,Kosc,Greg,19760409,19990901
kovau901,Kovach,,19380613,19380613
krafu901,Kraft,,19370513,19370625
krasu901,Krasevic,,19430618,19430618
kreuu901,Kruetzer,,19490915,19490915
kuhnu901,Kuhns,,19460829,19480901
kulpr901,Kulpa,Ron,19980723,20231001
kunkb101,Kunkel,Bill,19680917,19840828
laceu901,Lacey,,19440611,19480519
lambj901,Lambeth,Jim,19950502,19950502
lambu901,Lambert,,19470608,19480725
lambu902,Lamb,,19440511,19440511
lampi901,Lamplugh,Ian,19990903,20020623
lands901,Landes,Stan,19550413,19721004
langj901,Langden,Joseph,19150808,19150813
lanic901,Lanigan,Charles,19081005,19081007
lapir901,LaPierre,Richard,19790419,19790513
larou901,LaRosa,,19480808,19480912
larso901,Larson,O.,19271010,19271010
lascu901,Lascody,,19370830,19390621
latha101,Latham,Arlie,19020824,19130720
laudb901,Laude,Bill,19780825,19790415
lauzj901,Lauzon,Jacques,19790427,19790501
lawsb901,Lawson,Bill,19790417,19790518
laynj901,Layne,Jerry,19890419,20230709
lazar901,Lazar,Richie,19780825,19790405
leaht101,Leahy,Tom,19010626,19010626
leakh901,Leake,Holis,19281007,19351201
leclu901,LeClerc,,19810810,19810811
lee-s101,Lee,Script,19420419,19430624
lee-u901,Lee,,19320725,19410719
leesu901,Leeson,,19480907,19480907
leidu901,Leider,,19430618,19430618
lennu901,Lennon,,19470620,19470620
lentn901,Lentz,Nic,20160420,20241020
leppd101,Leppert,Don,19780825,19780825
leppt901,Lepperd,Tom,19840621,19860903
levej901,Levet,Jay,19790404,19790516
lewie901,Lewis,E.,19570728,19570728
lewis901,Lewis,Simon,19500820,19580824
lewiu901,Lewis,Ted,19440626,19490918
libkj901,Libka,John,20170527,20241011
lincf901,Lincoln,Fred,19140425,19140910
lindv101,Lindaman,Vive,19070530,19070530
linsj901,Linsalata,Joe,19610410,19611001
lippu901,Lippert,,19130812,19130813
listu901,Liston,,19370714,19470714
littw901,Little,Will,20130624,20241002
litzb901,Litz,Bill,19460815,19490623
lives901,Livensparger,Shane,20170610,20240929
liviu901,Livingston,,19500820,19500820
lobau901,Lobach,,19300822,19420902
locku901,Locke,,19210905,19211015
loebj901,Loeber,Jerry,19790412,19790425
lollm901,Lollo,Mark,20110702,20120624
longb901,Long,Bob,19920822,19930627
longr102,Longley,Red,19420412,19490709
lospp901,Lospitalier,Phil,19790412,19790516
lotsu901,Lotshaw,,19210716,19210716
lougu901,Loughrey,,19480809,19480809
loutc901,Louth,Christy,19370720,19410811
loweb101,Lowe,Bobby,19050814,19060423
loweu901,Lowe,,19370530,19370530
lucau901,Lucas,,19370515,19370626
lucir901,Luciano,Ron,19690407,19790930
luhrt901,Luhr,Terry,19840724,19840725
luked901,Luker,Dale,19950426,19950502
lundc101,Lundgren,Carl,19050805,19060902
lupoc901,Lupo,Charlie,19780825,19790518
lymaw901,Lyman,Will,19380530,19380530
lynct901,Lynch,Tom,19020804,19020807
lyonu901,Lyons,,19240803,19440618
mabbf901,Mabbott,Fred,19790429,19790429
macka901,MacKay,Alex,20200821,20240929
mackj901,Mackin,John,19790420,19790420
mageg901,Magerkurth,George,19290416,19471006
mages101,Magee,Sherry,19271008,19280927
magij901,Maginnis,Jim,19100502,19100502
magud901,Maguire,Dick,19390714,19430811
maguu901,Maguire,,19380715,19380715
maheb901,Maher,Joe,19790417,19841003
mahrn901,Mahrley,Nick,20170803,20241012
malob101,Maloney,Billy,19020802,19020802
malog901,Maloney,George,19690707,19831002
manlu901,Manley,,19350929,19460814
manna901,Mannassau,Al,19010425,19141010
mannt901,Mann,Terry,19950426,19950501
marbf101,Marberry,Firpo,19350624,19350929
marcu901,Marcinko,,19420826,19420826
marcu902,Marconi,,19400723,19400723
margu901,Margolis,,19430926,19430926
marij901,Marino,Jimmy,19790518,19790520
marqa901,Marquez,Alfonso,19990813,20241002
marsr901,Marsh,Randy,19810522,20091021
marsu902,Marshall,,19380424,19470506
martb901,Martine,Bruce,19910408,19910408
martu901,Martaras,,19470629,19470629
martu902,Martin,,19380728,19380728
masod901,Mason,Darrel,19950426,19950502
masou901,Mason,,19410812,19470420
massu901,Massey,,19460620,19480527
mathc102,Mathewson,Christy,19010905,19070830
mattu901,Mattoon,,19460612,19460612
mattu902,Matthews,Happy,19420908,19450801
maueb901,Mauer,Boyd,19780825,19790518
maxwb101,Maxwell,Bert,19140912,19140912
may-b901,May,Ben,20140417,20241002
mayfu901,Mayfield,,19490917,19490918
mcals101,McAllister,Sport,19010716,19020813
mcarj901,McArdle,John,20040723,20040723
mcavg901,McAvoy,Gary,19790510,19790513
mcbrj901,McBride,John,19241003,19461010
mccac901,McCafferty,Charles,19210606,19230611
mccaj901,McCarthy,Jack,19050415,19051008
mccau901,McCarly,,19391001,19401004
mccau902,McCain,,19271023,19271023
mccau903,McCarty,,19150509,19150509
mcclt901,McClelland,Tim,19810903,20130929
mccob104,McCormick,Barry,19140416,19291006
mccol901,McCoy,Larry,19700925,19990829
mccou901,McCoy,,19460814,19460814
mccrf901,McCreary,Fred,19380417,19490918
mccrk901,McCrady,Kyle,20200904,20210924
mccru903,McCray,,19410720,19410720
mcded901,McDevitt,Daniel,19241003,19271013
mcdos901,McDougall,Scott,19910408,19910408
mcdou901,McDonald,,19210612,19390820
mcdou902,McDougall,,19380721,19380722
mcfau901,McFarland,,19371007,19371007
mcgau901,McGarvey,,19370513,19370513
mcgob901,McGowan,Bill,19250414,19540727
mcgou901,McGowan,,19410610,19460813
mcgre901,McGreevy,Eugene,19120918,19130826
mcgrt901,McGrew,Ted,19241011,19340508
mcgru901,McGraw,,19261003,19440604
mcgud101,McGuire,Deacon,19010629,19050814
mckau901,McKay,,19261001,19261001
mckej901,McKean,Jim,19740405,20010708
mckib901,McKinley,Bill,19460807,19651003
mckie901,McKillips,Earl,19490604,19490604
mckiu901,McKinney,,19261001,19261001
mclae901,McLaughlin,Edward,19290416,19291005
mclap901,McLaughlin,Peter,19240923,19271002
mcmau901,McMahon,,19370531,19370705
mcnab901,McNamee,Bert,19490913,19490913
mcnah101,McNair,Hurley,19400630,19460630
mcnaj901,McNally,Jim,19790416,19790518
mcshj901,McSherry,John,19710601,19951006
mealj901,Meals,Jerry,19920914,20221008
meanl101,Means,Lewis,19490417,19490509
meanu901,Means,Lewis,19380710,19400902
meehj901,Meehan,James,19311004,19311004
meeru901,Meers,,19410808,19410808
meicl901,Meickle,L.J.,19281009,19380807
meltd101,Melton,Dave,19780825,19780825
menej101,Menefee,Jock,19030906,19030906
meric901,Meriwether,Chuck,19870523,20091011
merrc901,Merritt,Clarence,19790405,19790518
merrd901,Merrill,Durwood,19760514,19991011
merts101,Mertes,Sam,19050806,19050806
merzd901,Merzel,Dan,20200829,20240922
mescu901,Meschack,,19400727,19400727
metku901,Metka,,19430618,19430618
metzj901,Metz,Jacob,20230602,20240929
meyeu901,Meyers,,19260918,19440913
micku901,Mickel,Joseph,19870907,19870908
millb901,Miller,Bill,19970728,20241020
millb902,Miller,Bud,19790406,19790408
millb903,Miller,Brennan,20190420,20241003
millg901,Miller,Gale,19790407,19790516
millg903,Mills,Greg,19790420,19790519
millu901,Miller,,19420720,19470728
mitcd901,Mitchell,Densel,19380810,19380810
mitcu902,Mitchell,,19410823,19410823
mizeb101,Mizeur,Bill,19291017,19291017
monap901,Monahan,Pat,19310801,19310801
monau901,Monachan,,19390721,19390721
monte901,Montague,Ed,19741001,20090510
montu901,Maguire,,19370509,19370822
moorc901,Moore,Charles,19291031,19490727
moore103,Moore,Earl,19030706,19030706
moorh901,Moore,Howard,19380914,19490614
moorm901,Moore,Malachi,20200817,20241002
mooru901,Moore,Red,19241018,19420907
moorw901,Moore,Bill,19400602,19440917
moraa901,Moran,Augie,19030417,19180627
morac102,Moran,Charlie,19180416,19391001
morag901,Morales,Gabe,20140402,20241019
moreu901,Morela,,19490726,19490726
morgh901,Morgenweck,Hank,19701003,19751007
morgu901,Morgan,,19451024,19451024
morig101,Moriarty,George,19170411,19400929
morou901,Moroschan,,19380721,19390720
morrd901,Morrison,Dan,19790601,20010615
morru901,Morris,,19400529,19470828
morrw901,Morrisey,Walt,19410915,19410915
mosce901,Moscoso,Edwin,20200723,20241009
mosec901,Moser,Casey,20050707,20100731
moseh901,Moseley,H.L.,19470826,19490731
moseu902,Moses,,19370822,19370822
mothd101,Mothell,Dink,19440521,19440718
motlb901,Motley,Bob,19420607,19560812
moyeb901,Moyer,Bob,19790407,19790513
mrvoj901,Mrvos,Joe,19790406,19790408
muchm901,Muchlinski,Mike,20060424,20241020
muelu901,Mueller,,19370817,19370817
mulcj901,Mulcahy,Jim,19790503,19790506
mulld901,Mullaney,Dominic,19150414,19150605
mullj901,Mullin,John,19091002,19160828
mullu901,Mullins,,19490824,19490824
mundu901,Munday,,19390526,19400610
munrb901,Munroe,Bill,19490604,19490810
murpj901,Murphy,J.A.,19140814,19140818
murpu901,Murphy,,19301102,19311004
murre901,Murray,Ed,19910408,19910408
murrm101,Murray,Miah,19050913,19100927
musku901,Muskin,,19370710,19370710
myerj901,Myers,Joe,19790410,19790501
myeru901,Myers,,19410813,19480825
myeru902,Myers,,19370514,19370514
nalld901,Nallin,Dick,19150414,19320925
napiu901,Napier,,19410823,19410823
nappl901,Napp,Larry,19510417,19741009
nashb101,Nash,Billy,19010503,19011005
nauep901,Nauert,Paul,19950519,20200930
navaj901,Navas,Jose,20200724,20231001
naylu901,Naylor,,19361007,19361007
needt101,Needham,Tom,19040830,19070814
negrp901,Negri,Pete,19790410,19790410
nelsb901,Nelson,Bob,19790410,19950502
nelsd901,Nelson,Dick,19790405,19790518
nelsj901,Nelson,Jeff,19970509,20231001
nelss901,Nelson,Scott,20010617,20030919
neudj901,Neudecker,Jerry,19660412,19851006
newmu901,Newman,,19380529,19380529
newtd101,Newton,Doc,19020801,19020801
nichk101,Nichols,Kid,19010719,19010719
noonp101,Noonan,Pete,19060901,19070814
norau901,Norargiacomo,,19420908,19420908
normu901,Norman,,19400814,19450910
norre901,Norris,Ed,19780825,19790517
nortu901,Norton,,19480620,19480620
nothc901,Nothnagel,Carl,19841003,19841003
noval901,Novack,Les,19790507,19790516
obrij901,O'Brien,Jim,19790410,19790510
obrij902,O'Brien,Joe,19120723,19151003
obrip102,O'Brien,Pete,19070603,19070603
obriu901,O'Brian,,19370427,19380414
ocona901,O'Connor,Arthur,19140911,19141006
oconj104,O'Connor,Jack,19010522,19010831
oconj901,O'Connor,Jim,19780825,19790512
ocont901,O'Connor,Tom,19790417,19790419
oconu901,O'Connor,,19820413,19820413
odayh101,O'Day,Hank,19010419,19271002
odelm901,O'Dell,Mike,19841002,19841002
oderu901,Oderman,,19390723,19390723
odomj901,Odom,Jim,19650412,19741002
odonj901,O'Donnell,Jake,19680917,19711005
ohlib901,Ohlinger,Bob,19461012,19490911
ohlim901,Ohlinger,Matt,19461012,19470921
okeeu901,O'Keefe,,19480606,19480606
oldie901,Oldis,Edward,19120824,19130720
olige901,Oliger,Ed,19790424,19790429
olivu901,Olive,,19470725,19470725
olous901,O'Loughlin,Silk,19020423,19180902
olsea901,Olsen,Andy,19680913,19801005
omaru901,O'Mara,,19300828,19300922
oneiu901,O'Neil,,19270731,19290929
onorb901,O'Nora,Brian,19920804,20240929
orenu901,Orenfield,,19460815,19460815
ormsr901,Ormsby,Red,19230418,19410729
ortha101,Orth,Al,19010820,19170704
ortir901,Ortiz,Roberto,20160514,20241010
osulj901,O'Sullivan,John,19220930,19221001
otooj901,O'Toole,Jack,19300927,19300927
ottou901,Otto,,19370926,19370926
overl901,Overholser,Lora,19440717,19440717
overo101,Overall,Orval,19050911,19100825
owenb901,Owens,Brick,19080917,19371003
owenu901,Owens,,19440709,19490724
pachj901,Pacheco,Jim,19950426,19950502
packs901,Packard,Scott,20000425,20020828
padij901,Padilla,Joe,19950426,19950502
pales901,Palermo,Steve,19761002,19910706
palgu901,Palgutta,,19420826,19430725
palld901,Pallone,Dave,19790406,19880915
palmu901,Palm,,19470522,19470522
palmu902,Palmer,,19380713,19380713
panar901,Panas,Rich,19790413,19790513
papaj901,Paparella,Joe,19460416,19650928
parkd102,Parker,Doc,19110718,19110819
parkd901,Parks,Dallas,19790406,19950502
parkg901,Parker,Tiny,19360830,19381002
parmu901,Parmiter,,19461023,19461023
parrj901,Parra,Jonathan,20240329,20240911
parsu901,Parsipp,,19480710,19480710
passa901,Passarella,Art,19410416,19530927
patct901,Patch,Tony,19780825,19790517
pattc101,Patten,Casey,19030722,19030722
pattm903,Pattillo,Marcus,20140414,20150913
paule901,Paul,Ernie,19430629,19430719
paulu901,Paul,,19470507,19490524
paulu902,Paulson,,19470725,19470725
paylj901,Paylor,Jim,19950427,19950502
pearf102,Pears,Frank,19030619,19050930
pearu901,Pearson,,19470702,19470702
peith101,Peitz,Heinie,19010627,19060530
pelec901,Pelekoudas,Chris,19600412,19750928
pellu901,Pelliere,,19400726,19400726
peltb101,Pelty,Barney,19060831,19060901
penae901,Penalver,Eulogio,19470427,19470924
penfu901,Penfound,,19210709,19210719
pennu901,Penny,,19440626,19440626
pered901,Perez,Dave,19790406,19790520
perer901,Perez,Ray,19790406,19790408
perku901,Perkins,,19331011,19460630
perrb901,Perrine,Bull,19090414,19120608
perru901,Perry,,19460803,19470520
peteu901,Peters,,19451021,19451021
peteu902,Peterson,,19370703,19370710
petrt901,Petrani,Tom,19610820,19610820
pfirc901,Pfirman,Cy,19220412,19361006
phele101,Phelps,Ed,19120820,19120820
phild101,Phillippe,Deacon,19030610,19030610
phild901,Phillips,Dave,19710406,20020401
philu901,Phillips,,19410830,19410830
phipj901,Phipps,Jerry,19780825,19790510
phylb101,Phyle,Bill,19251114,19251227
pilam901,Pilato,Mike,19950426,19950502
pilgu901,Pilgrim,,19480411,19480411
pineb101,Pinelli,Babe,19350416,19561010
pineu901,Pine,,19440822,19450828
pinku901,Pinkney,,19460809,19460913
pipgg101,Pipgras,George,19380806,19460430
pipku901,Pipkins,,19380417,19380417
pitku901,Pitkoff,,19480802,19490815
platu901,Plate,,19460717,19460717
pludu901,Plude,,19370527,19370527
poles101,Poles,Spottswood,19450707,19450721
pompj901,Pomponi,Joe,19790405,19841003
poncl901,Poncino,Larry,19850711,20070930
poolu901,Poole,,19440831,19440831
porta901,Porter,Alan,20100405,20241019
porth901,Porter,Harry,19380703,19480725
postu901,Postlewait,,19460819,19490605
potts901,Potter,Scott,19910711,19970903
powec902,Power,Charles,19020502,19020731
powej901,Powell,Jack,19230914,19391011
powem102,Powers,Doc,19020813,19020813
poweu901,Powell,,19210629,19400405
poweu902,Powers,,19211003,19211004
pratl901,Pratt,Lester,19790415,19790517
presu901,Presser,,19350929,19351013
pricu901,Price,Ed,19420715,19490726
prinu901,Prince,,19390427,19390427
procu901,Proctor,,19450505,19450505
pryop901,Pryor,Paul,19610922,19811019
pryou901,Pryor,Anderson,19370515,19450909
pullf901,Pulli,Frank,19720415,19990901
pullu901,Pullman,,19380417,19380417
purda901,Purduski,Al,19790427,19790517
puskj901,Puskaric,Joe,19760522,19760522
quamu901,Quamina,,19480709,19480709
quicj901,Quick,Jim,19740804,19980830
quige901,Quigley,Ernie,19130625,19380918
quinj901,Quinn,John,19350417,19420923
quisu901,Queisser,Arthur,19140902,19140904
rackd901,Rackley,David,20100813,20241020
rahit901,Rahiffs,Tubby,19371005,19371005
rainj901,Rains,Jim,19780825,19790518
rakos901,Rakos,Shawn,20080410,20090824
ramoc901,Ramos,Charlie,20200825,20240926
randl901,Randall,Larry,19950426,19950430
randt901,Randazzo,Tony,19990813,20241002
randu901,Randall,,19440507,19440507
rapue901,Rapuano,Ed,19900511,20120601
raupu901,Rauppius,Adam,19450716,19470630
rausu901,Rauschenbach,,19480624,19490721
ravab901,Ravan,Bruce,19950426,19950502
ravat901,Ravashiere,Tom,19790407,19790511
ray-u901,Ray,,19480822,19480822
readu901,Reading,,19220816,19220816
rearb901,Reardon,Beans,19251024,19491009
redmu901,Redmond,,19450902,19450902
reedp901,Reed,Percy,19370530,19430908
reedr901,Reed,Rick,19790509,20091004
reevu901,Reeves,,19420724,19440916
rehaj901,Rehak,Jeremie,20180409,20241020
reilm901,Reilly,Mike,19770411,20100930
reint901,Reininger,Travis,20050422,20080426
relic901,Reliford,Charlie,19890529,20090731
remou901,Remo,,19440831,19440831
reniu901,Reniker,,19331010,19331010
rennd901,Rennert,Dutch,19730908,19920830
ressu901,Ressun,,19480912,19480912
retzu901,Retzel,,19370521,19370521
reybd901,Reyburn,D.J.,20080610,20240922
reynj901,Reynolds,Jim,19990604,20220830
reynu901,Reynolds,,19371010,19410420
rhoac101,Rhoades,Cornelius,19410711,19480802
rhodu901,Rhodes,,19440603,19440902
riccd901,Riccio,Dennis,19790405,19790518
riccl901,Riccio,Len,19790410,19790509
riceb901,Rice,Bob,19790407,19790519
ricej901,Rice,John,19550411,19730930
riceu902,Rice,,19400814,19490628
riekr901,Rieker,Rich,19920622,20010708
riggj901,Riggs,Jeremy,20200728,20240915
riggm901,Riggins,Mike,19950426,19950502
riglc901,Rigler,Cy,19060927,19350929
rilee901,Riley,Edward,19301012,19331015
rinku901,Rinker,,19261006,19261008
rippm901,Ripperger,Mark,20100930,20241030
ripps901,Rippley,Steve,19830530,20030928
rixhu901,Rixham,,19470708,19470812
robbs901,Robb,Scotty,19470817,19530628
robel901,Roberts,Lenny,19530704,19530914
robib901,Robinson,Bill,19780825,19790405
robiu901,Robinson,,19370509,19370613
rodra901,Rodriguez,Armando,19740404,19750927
rodrg901,Rodriguez,Gus,19950426,19950502
roe-r901,Roe,Rocky,19790703,20010723
roesb901,Roesner,Bob,19780825,19790512
rogab101,Rogan,Bullet,19400630,19480926
rohlu901,Rohlf,,19440525,19440613
rohru901,Rohrmiller,,19480522,19480522
romme101,Rommel,Eddie,19271010,19590927
ronzu901,Ronzon,,19370425,19410511
roseb901,Rosenberry,Bill,19950426,19950430
rosec901,Roseborough,Cliff,19430809,19430811
roser901,Rosenberg,Randy,20200804,20230930
rossu901,Ross,,19210430,19490412
rothf101,Roth,Frank,19230719,19230719
rothr901,Roth,Roy,19780825,19790517
rothu901,Roth,,19440731,19440826
rotuu901,Rotunno,,19480827,19480827
rounh901,Rountree,Hank,19780825,19910408
rouzu901,Rouzen,,19400407,19400804
roweu901,Rowe,,19450717,19450717
rowlp801,Rowland,Pants,19230419,19271002
rublu901,Ruble,,19410614,19420728
ruddf901,Rudderham,Frank,19070927,19080831
rue-j901,Rue,Joe,19200801,19470928
runcd901,Runchey,Dick,19790416,19841005
rungb901,Runge,Brian,19990423,20120830
runge901,Runge,Ed,19540413,19701001
rungp901,Runge,Paul,19730910,19970722
rungu901,Runge,,19471014,19471014
runsu901,Runser,,19440511,19440511
rushb901,Rush,Bill,19461007,19461007
rushu901,Rushin,,19390801,19390801
russu901,Russi,,19451021,19451021
russu902,Russell,,19450825,19460711
ryanu901,Ryan,,19400405,19410714
ryanw901,Ryan,Red,19460928,19460928
rybes901,Ryberg,Cy,19950426,19950502
salau901,Salas,,19480502,19480509
salau902,Salamandra,,19370912,19370912
salea901,Salerno,Al,19610926,19680915
salvt901,Salvadore,Tillio,19451007,19451014
sampu901,Sampson,,19441018,19441018
samuj901,Samuels,Jack,20010524,20050424
sandu901,Sanders,,19410911,19410911
sandu902,Sandfort,,19390913,19390913
sarvu901,Sarvis,,19210606,19220627
satcd901,Satchell,Darold,19701003,19701003
savau901,Savage,,19430712,19450822
saveu901,Savel,,19371007,19371007
savou901,Savole,,19480907,19480907
sawcj901,Sawchuk,Joe,19780825,19790513
sayju901,Sayjo,,19470708,19470708
sayla101,Saylor,Alfred,19470801,19470914
scalu901,Scales,,19420701,19420701
schac901,Schaller,Cliff,19780825,19790516
schac902,Schartow,Charlie,19461012,19490911
schaf901,Schaaf,Fred,19950426,19950502
schaj901,Schaly,Jim,19950426,19950502
schau901,Schaeffer,,19351012,19430625
schea901,Scheel,Al,19790410,19790429
sches901,Scheurwater,Stu,20140425,20240929
schid901,Schirmer,Don,19790407,19790519
schiu901,Schick,,19480722,19480722
schiu902,Schiefelbein,,19410813,19420628
schlj901,Schleyer,John,19790421,19790421
schmb102,Schmidt,Boss,19060902,19070915
schmh101,Schmidt,Henry,19030801,19030801
schrb901,Schroeder,Bobby,19780825,19790513
schrj901,Schratz,Joe,19760521,19790519
schro101,Schrecongost,Osee,19030502,19030722
schrp101,Schriver,Pop,19010629,19010720
schrp901,Schrieber,Paul,19970606,20150927
schru901,Schroy,,19490824,19490824
schud901,Schulte,Don,19790405,19790518
schuu901,Schuman,,19410619,19480726
schuu902,Schultz,,19490602,19490911
schwh901,Schwarts,Harry,19600908,19620930
schwh902,Schwarz,Hank,19950426,19950501
schwu901,Schwartz,,19130727,19130727
scofu901,Scofield,,19430526,19460829
scotd901,Scott,Dale,19850819,20170414
scotj104,Scott,Jim,19291019,19310927
scotj901,Scott,Jim,19780825,19790513
scriu901,Scribner,,19281009,19281009
seagu901,Seagraves,,19440714,19440714
searz901,Sears,Ziggy,19340722,19450930
secof101,Secory,Frank,19520416,19701001
segac901,Segal,Chris,20140414,20241019
seibb901,Seib,Bub,19370720,19420807
seibg901,Seibert,George,19420525,19420525
sentp101,Sentell,Paul,19220412,19230420
serau901,Serafian,,19470714,19490622
serru901,Serrano,,19451021,19451021
seymb901,Seymour,Bill,19490718,19490718
shaeu901,Sheasgreen,Jim,19810810,19810811
shanp901,Shaner,Patrick,19251018,19251018
shans101,Shannon,Spike,19140701,19150807
sharb901,Sharp,Bob,19790406,19790517
sharm901,Sharkey,Mick,19780825,19790516
sharu901,Sharp,,19490709,19490709
shawd901,Shaw,Duane,19790428,19790518
shawu901,Shaw,,19441018,19441018
shepu901,Sheppard,,19370727,19370727
sherj901,Sheridan,Jack,19010425,19140924
sheru901,Sherwood,,19370620,19380708
shewj901,Shewmake,Jim,19780825,19780825
shilu901,Shilling,,19370902,19370902
shipj102,Shipp,Jesse,19200711,19200711
shipu901,Shipley,,19380724,19380724
shiru901,Shires,,19300827,19300922
shorl901,Shores,Lou,19261024,19261024
shulj901,Shulock,John,19790405,20020718
shutu901,Shutt,,19410727,19410727
sicku901,Sickels,,19470702,19470702
siddu901,Siddle,,19350606,19390715
sieve101,Siever,Ed,19010707,19010707
simmu901,Simms,,19391008,19391008
singu901,Singbush,,19380715,19380715
siroh901,Siroka,Harold,19790410,19790516
skelu902,Skelt,,19480509,19480509
sladu901,Slade,,19380726,19380726
slatd901,Slattery,Don,19790410,19790516
slauu901,Slaughter,,19450813,19450820
slicd901,Slickenmeyer,Dave,19790427,19950502
smaih901,Smail,Harry,19790412,19790517
smelu901,Smeltzer,,19480518,19490705
smita901,Smith,Al,19600419,19641015
smitc901,Smith,Candy,19420530,19470828
smitd901,Smith,Dave,19460507,19460507
smitd902,Smith,Don,19380810,19380810
smite902,Smith,Gene,19790511,19790516
smith104,Smith,Harry,19030906,19030906
smith110,Smith,Heinie,19010522,19010815
smitu901,Smith,,19390722,19390722
smitv101,Smith,Vinnie,19570416,19650815
smoru901,Smorch,,19450723,19460822
snaku901,Snake,,19350606,19350606
snydb901,Snyder,Buck,19261004,19480622
snydp101,Snyder,Pop,19010701,19010913
soarh901,Soar,Hank,19500418,19780903
sopeu901,Soper,,19370531,19370705
sorbu901,Sorber,,19450909,19450909
spagd901,Spagnardi,Darren,20020421,20041003
spanj901,Spange,John,19910408,19910408
spauu901,Spaulding,Gerald,19440808,19470602
speau901,Speakers,,19410520,19420908
spenf901,Spenn,Fred,19770715,19910408
spenh901,Spencer,Henry,19320725,19420419
spiep901,Spieler,Pat,20000424,20020825
spinm901,Spinelli,Mike,19790414,19790501
sprib901,Sprincz,Bill,19780825,19790513
sprim901,Springstead,Marty,19660412,19851006
stabu901,Stablin,,19420716,19440905
stace101,Stack,Eddie,19340429,19340429
stacu901,Stacey,,19400814,19400814
stafj901,Stafford,Jack,19060919,19070914
stanj901,Stansell,Jack,19790518,19790518
stanu902,Stanesic,,19490628,19490628
stard901,Stark,Dolly,19280411,19400423
steej901,Steech,John,19420525,19420525
steih101,Steinfeldt,Harry,19050604,19050604
steim901,Steiner,Mel,19610411,19721022
steld901,Stello,Dick,19680920,19871004
sterp901,Steinberg,Paul,19091002,19091007
stetu901,Stetzer,,19281012,19281012
stevj901,Stevens,Johnny,19450505,19750813
stevu901,Stevens,,19400609,19440731
stewb901,Stewart,Bill,19330923,19540926
stewb902,Stewart,Bob,19580620,19701015
stewe901,Stewart,Ernie,19410415,19450731
stewj901,Stewart,John,19790504,19841006
stewj902,Stewart,Jack,19260116,19451009
stewu901,Stewart,,19351031,19351031
sticu901,Stickney,,19490915,19490915
stoco101,Stocksdale,Otis,19150811,19150825
storl901,Storner,Lee,19430716,19430723
stouu901,Stout,,19380708,19470612
strap901,Strauch,Pete,19430523,19490630
strau901,Strasheim,,19470922,19470922
strau902,Strausbaugh,,19370715,19450820
strau903,Stradling,Gene,19430518,19440801
strem901,Strey,Murray,19780825,19790518
strie101,Stricklett,Elmer,19070530,19070530
stryu901,Stryher,,19430719,19430804
stuae901,Stuart,Ed,19251024,19251128
stulu901,Stull,,19470922,19470922
sudoe901,Sudol,Ed,19570616,19771018
sugnu901,Sugna,,19421122,19421122
sullu901,Sullivan,,19370817,19370817
summa901,Summers,Andrew,19510812,19570728
summb901,Summers,Bill,19330412,19591008
suppw901,Supple,Bill,19060921,19060929
suttm101,Suttles,Mule,19480531,19490704
swarc901,Swartz,Clint,19490604,19490604
sweeg901,Sweeney,George,19790417,19790422
sweej901,Sweeney,Monroe,19240415,19260926
swenc901,Swenson,Charles,19790413,19790515
swisu901,Swisher,,19420626,19420626
sylvf901,Sylvester,Frank,19950425,20040723
szafm901,Szafran,M.,19420819,19430718
tabaf901,Tabacchi,Frank,19560417,19590621
taglp901,Tagle,Paul,19341017,19460812
tannj101,Tannehill,Jesse,19010905,19020801
tarau901,Taraska,,19420828,19420828
tarru901,Tarr,,19420715,19420715
tarsu901,Tarsz,,19460718,19460718
tatat901,Tata,Terry,19730406,19990901
taylb108,Taylor,Ben,19321009,19480709
taylj101,Taylor,Jack,19050713,19050713
taylj901,Taylor,Joe Bob,19790504,19790509
taylu901,Taylor,,19410707,19420810
teacb101,Teachout,Bud,19421122,19421122
teatu901,Teater,,19430526,19450825
telft901,Telford,Tom,19790410,19790519
terlr901,Terlop,Russ,19790518,19790519
terra101,Terry,Adonis,19010830,19010831
theit901,Theilander,Ted,19790501,19790515
theou901,Theodore,,19440524,19440524
thomd901,Thomas,Derek,20230423,20240922
thomj901,Thompson,Jimmy,19400602,19460721
thomm901,Thompson,Mike,19780825,19790509
thomr901,Thompson,R.J.,20080913,20090604
thomu901,Thomas,,19390514,19461023
thomu902,Thomer,,19430720,19430720
thoru901,Thorpe,,19450617,19450617
ticht901,Tichenor,Todd,20070608,20241030
tight901,Tighe,Thomas,19451007,19451014
tillc901,Tiller,Chris,20080528,20100819
tillh901,Tillman,Hank,19780825,19790508
timmt901,Timmons,Tim,19990903,20211003
titub901,Titus,Bob,19490913,19490913
tomln901,Tomlinson,Nate,20200807,20240922
torrc901,Torres,Carlos,20150717,20241030
tosia901,Tosi,Alex,20190511,20241003
trafu901,Trafton,,19210716,19210716
travv901,Travis,Vic,19950426,19950502
treil901,Treitel,Les,19780825,19790519
tremd901,Tremblay,Dick,19700707,19790518
tromu901,Trombold,,19390925,19390925
trubh101,Truby,Harry,19090414,19090629
trusu901,Trusty,,19390722,19490815
tscht901,Tschida,Tim,19850724,20120825
tumpj901,Tumpane,John,20100802,20241009
turnc101,Turner,Cool,19350811,19410901
turnl901,Turner,Leo,19780825,19780825
turnu901,Turner,Pop,19360912,19480710
ulrig901,Ulrich,George,19950427,19950502
umonf901,Umont,Frank,19540413,19730930
unggu901,Ungglow,,19490618,19490618
urbau901,Urban,,19370901,19370909
urchw901,Urchak,Woody,19780825,19790513
uremj901,Uremovich,Jim,19910408,19950502
urlad901,Urlage,Dick,19790501,19910408
valeb901,Valentine,Bill,19630409,19680915
valej901,Valentine,Junior,20200826,20241002
vallj901,Vallee,Jeremiah,19290929,19290929
vanbm901,Van Buren,Mark,19440730,19480929
vangm901,Van Graflan,M.,19460718,19460718
vangr901,Van Graflan,Roy,19270420,19331001
vanne901,Vann,Earl,19400824,19610820
vanol901,Vanover,Larry,19910625,20240922
vansc901,Van Sickle,Charles,19140531,19140816
vanvm901,Vanvleet,Mike,20000412,20020825
varge901,Vargo,Ed,19600412,19831016
vaugs901,Vaughn,Sylvester,19460816,19490918
venzt901,Venzon,Tony,19570416,19710525
viscj901,Visconti,Jansen,20180417,20241018
vogeu901,Voget,,19370914,19380828
vogiu901,Vogi,,19331006,19331006
volau901,Vola,,19370914,19420630
voltv901,Voltaggio,Vic,19770407,19960411
vondc901,Vondrak,Clint,20200810,20240922
vorou901,Voros,,19420818,19420818
vydau901,Vydareny,,19490710,19490710
wadeu901,Wade,,19300921,19300921
walbu901,Walbert,,19271007,19271007
waldl901,Walding,Larry,19950426,19950502
walkh901,Walker,Harry,19321002,19450923
walku901,Walker,,19200829,19310617
walla901,Wallin,Al,19331002,19390820
wallb101,Wallace,Bobby,19150607,19151003
wallg901,Walls,Greenie,19350929,19420816
wallj105,Wall,Joe,19011005,19011005
wallj901,Waller,Jim,19790518,19790518
wallu901,Wallace,,19370514,19370514
walsb901,Walsh,Brian,20230418,20240929
walse101,Walsh,Ed,19220412,19220722
walsf901,Walsh,Frank,19610911,19630929
walst901,Walsh,Tommy,19370714,19370809
waltb102,Walters,Bucky,19420501,19470710
waltb901,Walton,Benny,19960422,19960422
waltu902,Walters,,19451003,19451003
wardh901,Ward,Harry,19271023,19450729
wardn901,Ward,Norris,19440717,19440717
wardu902,Ward,,19380725,19380725
wareu901,Ware,,19430525,19440801
warnj103,Warner,Jack,19010521,19081003
warnl101,Warneke,Lon,19400513,19550925
warru901,Warren,,19470518,19470622
washj101,Washington,Jasper,19450808,19480707
washu901,Washington,Pat,19370508,19370705
wasnu901,Wasner,,19300705,19300928
wateu901,Waters,,19380702,19380702
watsu901,Watson,,19370901,19370901
weafh901,Weafer,Hal,19430421,19470928
wegnm901,Wegner,Mark,19980520,20241002
weicu901,Weichert,,19320927,19370811
weidc901,Weiderquist,Chet,19440710,19440822
weidf901,Weidig,Fritz,19490614,19490614
weigu901,Weigel,,19460716,19460716
weimj101,Weimer,Jake,19050911,19070829
weimu901,Weimer,,19450909,19460617
welkb901,Welke,Bill,19990604,20220821
welkt901,Welke,Tim,19830614,20151004
wendh901,Wendelstedt,Harry,19660413,19980927
wendh902,Wendelstedt,Hunter,19980419,20240929
wessu901,Wessel,,19390714,19390714
westf901,Westervelt,Frederick,19110919,19230815
westj901,West,Joe,19760914,20211006
westu902,Westbrook,,19470828,19470828
westw901,West,Walker,19440507,19490401
weyel901,Weyer,Lee,19610913,19880704
whalb901,Whaley,Bart,19950501,19950502
whalu901,Whaley,,19390913,19390913
wheeu901,Wheeler,,19200801,19341012
whitc901,Whitson,Chad,20140515,20240929
whitd104,White,Doc,19020725,19030701
whitu901,White,,19130809,19461012
whitu902,Whitney,,19460620,19490524
whitu903,Whiting,,19410724,19420711
wickd901,Wickham,Dan,19900604,19920816
wicku901,Wickham,,19370727,19370727
widlm901,Widlowski,Mark,19950425,19950502
widnd901,Widner,Dewey,19371010,19431107
wilhk101,Wilhelm,Kaiser,19040726,19151003
willa901,Williams,Art,19720918,19771002
willb901,Williams,Bill,19630814,19870629
willb902,Willman,Bob,19910408,19950502
willc901,Williams,Charlie,19780428,20010902
willd902,Williams,Dale,19780825,19790518
willh901,Williams,H.,19480529,19490816
willl901,Williams,Lew,20200802,20230824
willl902,Williams,Les,19281007,19361007
willp103,Williams,Poindexter,19370515,19480929
willr901,Wills,Ryan,20200822,20240929
willt901,Williford,Tex,19450814,19450814
willu901,Williamson,,19331010,19410614
willu902,Willig,,19420517,19420818
willw901,Williams,Wallace,19510812,19520817
wilsf901,Wilson,Frank,19210413,19280603
wilsj105,Wilson,Jimmie,19400513,19400513
winam901,Winans,Matt,19940526,19940811
wingr901,Wing,Red,19251205,19260102
winsu901,Winston,,19380807,19380807
wintg101,Winter,George,19030502,19050918
wintm901,Winters,Mike,19880709,20190804
wissu901,Wissel,,19461010,19490826
wolcq901,Wolcott,Quinn,20130527,20240908
wolfj901,Wolf,Jim,19990902,20241012
woodt901,Woodring,Tom,20140416,20200917
wrigm901,Wright,Marvin,19950426,19950502
wrigu902,Wright,,19400512,19400512
yeasd901,Yeast,Dave,19950426,19950502
yokel101,Yokely,Laymon,19470722,19470722
younc102,Young,Cy,19030704,19030708
youni101,Young,Irv,19050805,19070811
younl901,Young,Larry,19830623,20070722
younr901,Young,Roy,19360823,19580824
youns901,Young,S.,19470604,19470604
yount901,Young,T.J.,19430613,19430926
younu901,Young,,19280729,19350929
youru901,Yourko,Andrew,19420525,19430725
zealu901,Zealmon,,19490602,19490602
zimmc101,Zimmer,Chief,19010521,19041009
zimmj101,Zimmerman,Jerry,19780825,19780825
zirbl901,Zirbel,Larry,19790405,19841002
zivid901,Zivic,Dick,19841005,19841005
zompc101,Zomphier,Charles,19410704,19460709
zoshu901,Zosh,,19490530,19490607
zuccr901,Zuccaro,Rico,19780825,19780825
